Date,Open,High,Low,Close,Volume,Dividends,Stock Splits
2017-01-03,51.574,51.839,51.125,51.656,2884009,0.0,0.0
2017-01-04,51.887,52.166,51.628,51.785,1439426,0.0,0.0
2017-01-05,51.703,51.785,50.581,51.179,2267480,0.0,0.0
2017-01-06,51.315,51.39,50.921,51.064,2579418,0.0,0.0
2017-01-09,51.023,51.254,50.846,50.955,1971654,0.0,0.0
2017-01-10,51.125,51.805,50.941,51.71,2068716,0.0,0.0
2017-01-11,51.982,52.533,51.662,52.492,2424480,0.0,0.0
2017-01-12,52.418,52.458,51.159,52.139,2110738,0.0,0.0
2017-01-13,52.315,52.86,52.254,52.567,1353063,0.0,0.0
2017-01-17,52.234,52.608,51.914,52.105,1878718,0.0,0.0
2017-01-18,52.309,52.486,52.037,52.479,2052990,0.0,0.0
2017-01-19,52.56,53.275,52.56,53.234,3199040,0.0,0.0
2017-01-20,53.418,53.554,53.166,53.499,2807313,0.0,0.0
2017-01-23,53.39,53.452,53.043,53.35,2466115,0.0,0.0
2017-01-24,53.431,54.615,53.431,54.146,3736424,0.0,0.0
2017-01-25,54.731,55.016,54.458,54.697,3976049,0.0,0.0
2017-01-26,54.588,54.907,54.424,54.54,2492410,0.0,0.0
2017-01-27,54.724,54.873,54.35,54.424,2290166,0.0,0.0
2017-01-30,54.016,54.214,53.52,54.118,2951166,0.0,0.0
2017-01-31,54.05,54.214,53.322,53.982,3667978,0.0,0.0
2017-02-01,52.499,53.969,52.384,53.064,5388149,0.0,0.0
2017-02-02,53.064,53.506,52.73,53.064,3012264,0.0,0.0
2017-02-03,53.322,53.785,53.152,53.758,1885936,0.0,0.0
2017-02-06,53.554,54.424,53.336,54.363,3144902,0.0,0.0
2017-02-07,54.431,54.894,54.241,54.322,2753562,0.0,0.0
2017-02-08,54.22,54.561,54.03,54.479,2193491,0.0,0.0
2017-02-09,54.479,55.275,54.479,54.982,2017285,0.0,0.0
2017-02-10,55.105,55.778,54.975,55.234,3623121,0.0,0.0
2017-02-13,55.411,55.901,55.316,55.771,3519872,0.0,0.0
2017-02-14,55.622,55.649,55.159,55.561,2221849,0.0,0.0
2017-02-15,55.499,55.778,55.18,55.527,2467404,0.0,0.0
2017-02-16,55.561,55.622,54.901,55.173,2573617,0.0,0.0
2017-02-17,55.044,55.282,54.703,55.098,2191687,0.0,0.0
2017-02-21,55.064,55.581,55.01,55.452,1930793,0.0,0.0
2017-02-22,55.152,55.547,54.982,55.445,2311435,0.0,0.0
2017-02-23,55.771,55.88,54.975,55.268,1944457,0.0,0.0
2017-02-24,54.88,55.322,54.54,55.322,1913263,0.0,0.0
2017-02-27,55.309,55.404,55.037,55.132,2027597,0.0,0.0
2017-02-28,55.125,55.2,53.955,53.989,3999509,0.0,0.0
2017-03-01,54.717,55.506,54.717,55.105,3902963,0.0,0.0
2017-03-02,55.003,55.057,54.356,54.438,1767219,0.0,0.0
2017-03-03,54.513,54.608,53.867,54.397,1752653,0.0,0.0
2017-03-06,53.989,54.193,53.744,53.975,2157657,0.0,0.0
2017-03-07,53.941,54.227,53.907,54.146,2786302,0.0,0.0
2017-03-08,54.166,54.508,54.07,54.132,2139740,0.31,0.0
2017-03-09,54.173,54.378,53.428,53.742,1642959,0.0,0.0
2017-03-10,54.193,54.46,53.592,54.351,1664615,0.0,0.0
2017-03-13,54.351,54.515,54.228,54.467,1273016,0.0,0.0
2017-03-14,54.166,54.289,53.769,54.022,1508517,0.0,0.0
2017-03-15,54.344,55.54,54.173,55.253,2079673,0.0,0.0
2017-03-16,55.52,55.568,54.802,55.075,1710632,0.0,0.0
2017-03-17,55.322,55.513,54.904,55.376,2541392,0.0,0.0
2017-03-20,55.944,56.033,55.212,55.561,2037264,0.0,0.0
2017-03-21,55.766,55.882,54.146,54.262,2158559,0.0,0.0
2017-03-22,54.207,54.617,54.043,54.44,1423829,0.0,0.0
2017-03-23,54.412,54.877,54.043,54.569,819031,0.0,0.0
2017-03-24,54.583,54.809,53.913,54.139,1264509,0.0,0.0
2017-03-27,53.585,54.022,52.826,53.715,2130330,0.0,0.0
2017-03-28,53.763,54.74,53.462,54.487,2130073,0.0,0.0
2017-03-29,54.282,54.617,54.214,54.576,1928731,0.0,0.0
2017-03-30,54.453,55.328,54.412,55.315,1573482,0.0,0.0
2017-03-31,55.11,55.78,55.069,55.602,2528760,0.0,0.0
2017-04-03,55.773,55.998,55.028,55.534,3175580,0.0,0.0
2017-04-04,55.479,55.745,55.151,55.711,1657654,0.0,0.0
2017-04-05,55.841,56.833,55.787,55.978,3302676,0.0,0.0
2017-04-06,56.033,57.024,55.889,56.525,2268124,0.0,0.0
2017-04-07,56.402,56.819,56.313,56.491,2221463,0.0,0.0
2017-04-10,56.484,57.25,56.463,56.922,2271476,0.0,0.0
2017-04-11,56.874,57.427,56.58,57.195,2342371,0.0,0.0
2017-04-12,57.147,57.147,56.087,56.265,2911335,0.0,0.0
2017-04-13,56.087,56.976,55.944,55.971,3092698,0.0,0.0
2017-04-17,56.224,56.333,55.923,56.231,2575293,0.0,0.0
2017-04-18,55.862,56.21,55.554,56.019,2457221,0.0,0.0
2017-04-19,56.327,56.477,55.745,55.964,2174156,0.0,0.0
2017-04-20,56.34,56.928,56.026,56.58,2214631,0.0,0.0
2017-04-21,56.737,57.017,56.429,56.771,1942265,0.0,0.0
2017-04-24,57.701,58.091,57.024,57.564,2089598,0.0,0.0
2017-04-25,58.063,58.768,57.892,58.569,3026314,0.0,0.0
2017-04-26,59.397,60.894,59.116,60.634,4065248,0.0,0.0
2017-04-27,60.655,61.366,60.511,61.024,2674031,0.0,0.0
2017-04-28,61.106,61.243,60.45,60.682,2262840,0.0,0.0
2017-05-01,60.874,60.874,60.162,60.703,1853195,0.0,0.0
2017-05-02,60.874,61.133,60.648,61.058,1762450,0.0,0.0
2017-05-03,60.805,61.051,60.586,60.921,1892639,0.0,0.0
2017-05-04,61.133,61.448,60.785,61.414,1822259,0.0,0.0
2017-05-05,61.571,61.66,61.236,61.544,1350743,0.0,0.0
2017-05-08,61.455,61.639,60.99,61.127,1872015,0.0,0.0
2017-05-09,61.222,61.448,60.942,61.099,1422927,0.0,0.0
2017-05-10,61.099,61.215,59.78,60.525,3942664,0.0,0.0
2017-05-11,60.47,60.566,59.732,60.463,2067685,0.0,0.0
2017-05-12,60.347,60.429,60.067,60.176,2139353,0.0,0.0
2017-05-15,60.251,60.655,60.176,60.532,1670415,0.0,0.0
2017-05-16,60.839,60.908,60.422,60.723,1707281,0.0,0.0
2017-05-17,60.723,60.723,59.827,59.971,2272120,0.0,0.0
2017-05-18,59.684,60.716,59.267,60.286,2005039,0.0,0.0
2017-05-19,60.757,61.359,60.354,61.017,1833087,0.0,0.0
2017-05-22,61.407,61.475,60.805,61.01,1505036,0.0,0.0
2017-05-23,61.154,61.297,60.634,60.874,1471136,0.0,0.0
2017-05-24,61.003,61.311,60.422,60.525,2724430,0.0,0.0
2017-05-25,60.887,61.174,60.566,61.065,1274177,0.0,0.0
2017-05-26,60.908,61.421,60.908,61.092,848162,0.0,0.0
2017-05-30,60.942,61.12,60.538,60.983,1141410,0.0,0.0
2017-05-31,60.703,61.366,60.463,61.263,1998466,0.0,0.0
2017-06-01,61.516,61.53,60.798,61.263,1766575,0.0,0.0
2017-06-02,61.263,61.516,61.065,61.181,1461726,0.0,0.0
2017-06-05,61.079,61.482,60.915,61.092,2434663,0.0,0.0
2017-06-06,60.764,61.12,60.231,60.791,1754974,0.0,0.0
2017-06-07,61.156,61.341,60.215,60.53,2620279,0.31,0.0
2017-06-08,60.53,60.62,60.249,60.421,2182664,0.0,0.0
2017-06-09,60.441,60.695,60.201,60.517,2237317,0.0,0.0
2017-06-12,60.51,60.661,60.235,60.331,2123628,0.0,0.0
2017-06-13,60.53,61.588,60.414,61.588,2348945,0.0,0.0
2017-06-14,61.856,61.932,60.64,60.915,2227521,0.0,0.0
2017-06-15,60.441,61.719,60.393,61.719,1464304,0.0,0.0
2017-06-16,61.815,63.422,61.739,63.422,5321250,0.0,0.0
2017-06-19,63.628,63.992,63.436,63.594,2517933,0.0,0.0
2017-06-20,63.243,63.408,62.591,62.673,2116538,0.0,0.0
2017-06-21,62.9,63.037,62.042,62.145,2542424,0.0,0.0
2017-06-22,62.193,62.488,62.083,62.309,1650822,0.0,0.0
2017-06-23,62.316,62.783,62.042,62.557,2352812,0.0,0.0
2017-06-26,62.749,63.086,62.419,62.454,2974110,0.0,0.0
2017-06-27,62.426,62.612,61.945,62.165,2046674,0.0,0.0
2017-06-28,62.515,63.072,62.392,62.934,1733576,0.0,0.0
2017-06-29,62.948,63.044,61.636,62.069,1969850,0.0,0.0
2017-06-30,62.282,63.113,62.165,62.77,1509032,0.0,0.0
2017-07-03,62.989,63.182,62.783,62.804,972808,0.0,0.0
2017-07-05,62.77,63.367,62.721,63.298,1420091,0.0,0.0
2017-07-06,63.161,63.559,63.003,63.271,2186402,0.0,0.0
2017-07-07,63.305,64.233,62.831,64.047,2389677,0.0,0.0
2017-07-10,64.054,64.83,63.992,64.377,1677762,0.0,0.0
2017-07-11,64.239,64.349,63.546,63.814,1733963,0.0,0.0
2017-07-12,64.294,64.809,64.171,64.226,1592560,0.0,0.0
2017-07-13,64.246,64.425,63.443,63.772,1545898,0.0,0.0
2017-07-14,63.745,63.848,63.134,63.759,1641413,0.0,0.0
2017-07-17,63.662,64.054,62.879,63.923,1850617,0.0,0.0
2017-07-18,63.69,63.896,63.209,63.504,1559948,0.0,0.0
2017-07-19,63.704,64.068,63.333,64.013,1613699,0.0,0.0
2017-07-20,63.992,64.02,62.989,63.312,1797511,0.0,0.0
2017-07-21,63.003,63.312,62.639,62.962,1545511,0.0,0.0
2017-07-24,62.825,62.914,62.385,62.536,1889545,0.0,0.0
2017-07-25,63.079,63.079,62.138,62.138,2047834,0.0,0.0
2017-07-26,61.417,61.417,58.923,59.713,6181657,0.0,0.0
2017-07-27,59.727,60.579,59.699,60.29,2834769,0.0,0.0
2017-07-28,60.173,60.963,59.789,60.812,2073743,0.0,0.0
2017-07-31,60.991,61.396,60.269,60.359,1854098,0.0,0.0
2017-08-01,60.496,60.757,59.15,59.404,2922679,0.0,0.0
2017-08-02,59.102,59.933,59.102,59.857,3160370,0.0,0.0
2017-08-03,59.947,60.146,59.184,59.569,2562919,0.0,0.0
2017-08-04,59.816,60.792,59.644,60.565,1988411,0.0,0.0
2017-08-07,60.517,60.62,60.105,60.51,1733189,0.0,0.0
2017-08-08,60.462,60.524,59.974,60.098,1479128,0.0,0.0
2017-08-09,59.954,60.166,59.672,59.933,1134062,0.0,0.0
2017-08-10,59.521,59.802,58.319,58.367,3157921,0.0,0.0
2017-08-11,58.223,58.752,58.113,58.443,2608292,0.0,0.0
2017-08-14,58.916,59.28,58.875,59.006,1494724,0.0,0.0
2017-08-15,59.013,59.555,58.992,59.205,1710116,0.0,0.0
2017-08-16,59.37,59.665,59.232,59.576,1819939,0.0,0.0
2017-08-17,59.294,59.624,58.635,58.697,1997821,0.0,0.0
2017-08-18,58.697,59.205,58.305,58.504,1719397,0.0,0.0
2017-08-21,58.443,58.614,58.216,58.47,1070515,0.0,0.0
2017-08-22,58.511,59.301,58.511,59.15,840686,0.0,0.0
2017-08-23,58.848,59.116,57.921,57.969,1946261,0.0,0.0
2017-08-24,58.099,58.236,57.426,57.536,1999368,0.0,0.0
2017-08-25,57.886,58.47,57.886,58.127,1510579,0.0,0.0
2017-08-28,58.381,58.381,57.481,57.598,1818263,0.0,0.0
2017-08-29,57.282,57.914,57.055,57.886,1999883,0.0,0.0
2017-08-30,57.721,58.944,57.55,58.745,1961085,0.0,0.0
2017-08-31,58.985,59.054,58.127,58.649,2804864,0.0,0.0
2017-09-01,58.999,59.143,58.415,58.436,1554147,0.0,0.0
2017-09-05,58.339,58.697,58.099,58.23,2025019,0.0,0.0
2017-09-06,58.614,58.896,57.653,57.962,2199679,0.0,0.0
2017-09-07,58.086,58.777,57.52,58.735,2222365,0.349,0.0
2017-09-08,58.549,61.193,58.397,60.392,3842380,0.0,0.0
2017-09-11,60.82,61.131,60.33,61.124,2548353,0.0,0.0
2017-09-12,61.463,62.464,61.442,62.153,2491895,0.0,0.0
2017-09-13,61.877,62.699,61.739,62.402,1926153,0.0,0.0
2017-09-14,62.208,62.353,61.525,62.16,2358999,0.0,0.0
2017-09-15,61.829,62.077,61.428,61.76,3156761,0.0,0.0
2017-09-18,61.96,62.547,61.87,62.498,1886709,0.0,0.0
2017-09-19,62.533,63.182,62.409,62.464,2468177,0.0,0.0
2017-09-20,61.525,61.884,61.124,61.663,2041518,0.0,0.0
2017-09-21,61.67,61.911,61.539,61.621,1661908,0.0,0.0
2017-09-22,61.525,61.773,61.035,61.4,2085215,0.0,0.0
2017-09-25,61.463,61.663,60.675,61.352,2216693,0.0,0.0
2017-09-26,61.352,61.566,61.021,61.283,1761161,0.0,0.0
2017-09-27,61.642,61.697,60.634,60.8,2103132,0.0,0.0
2017-09-28,60.703,60.972,60.323,60.89,1598360,0.0,0.0
2017-09-29,60.883,61.78,60.82,61.573,2274312,0.0,0.0
2017-10-02,61.711,62.146,61.373,62.119,2164102,0.0,0.0
2017-10-03,62.112,62.243,61.739,62.243,1506068,0.0,0.0
2017-10-04,62.07,62.927,62.07,62.464,1972814,0.0,0.0
2017-10-05,62.637,62.975,62.422,62.761,1846750,0.0,0.0
2017-10-06,62.906,64.059,62.775,63.562,2776377,0.0,0.0
2017-10-09,63.527,64.052,63.417,63.569,1617308,0.0,0.0
2017-10-10,63.783,63.783,62.761,63.099,1249428,0.0,0.0
2017-10-11,63.148,63.196,62.857,63.134,1566522,0.0,0.0
2017-10-12,63.044,63.527,62.906,63.099,1933371,0.0,0.0
2017-10-13,63.431,63.693,62.989,63.058,1002069,0.0,0.0
2017-10-16,63.265,63.265,62.768,63.044,1462113,0.0,0.0
2017-10-17,62.581,62.975,62.291,62.906,2197745,0.0,0.0
2017-10-18,62.989,63.148,62.657,62.989,1452961,0.0,0.0
2017-10-19,62.761,62.92,62.381,62.892,2151470,0.0,0.0
2017-10-20,63.313,64.577,63.217,64.57,1988540,0.0,0.0
2017-10-23,64.508,65.827,64.363,64.743,2686792,0.0,0.0
2017-10-24,65.171,66.448,64.867,66.02,3247249,0.0,0.0
2017-10-25,62.547,64.563,61.608,63.058,6230897,0.0,0.0
2017-10-26,63.562,63.866,62.561,62.602,2765292,0.0,0.0
2017-10-27,61.863,63.023,61.691,62.94,3145418,0.0,0.0
2017-10-30,62.754,62.92,61.366,61.373,2447940,0.0,0.0
2017-10-31,61.256,61.594,60.758,61.18,3851661,0.0,0.0
2017-11-01,61.628,61.718,60.303,60.441,2203417,0.0,0.0
2017-11-02,60.455,60.841,59.405,60.489,3253952,0.0,0.0
2017-11-03,60.213,60.558,59.253,59.557,3855786,0.0,0.0
2017-11-06,59.605,60.247,59.212,59.488,2056342,0.0,0.0
2017-11-07,59.667,59.716,58.804,59.08,1942265,0.0,0.0
2017-11-08,59.129,59.322,58.431,59.163,1910556,0.0,0.0
2017-11-09,58.707,58.832,57.872,58.286,2020121,0.0,0.0
2017-11-10,57.969,58.783,57.844,58.666,1786683,0.0,0.0
2017-11-13,58.335,58.88,58.266,58.528,2167325,0.0,0.0
2017-11-14,58.383,58.88,58.314,58.487,2263226,0.0,0.0
2017-11-15,58.031,58.121,57.52,57.561,1988798,0.0,0.0
2017-11-16,57.934,58.991,57.913,58.873,2251883,0.0,0.0
2017-11-17,58.438,58.908,58.107,58.777,1713726,0.0,0.0
2017-11-20,58.942,59.37,58.466,58.507,2046932,0.0,0.0
2017-11-21,58.777,59.025,58.321,58.887,2279854,0.0,0.0
2017-11-22,58.935,59.004,58.348,58.411,1522309,0.0,0.0
2017-11-24,58.611,58.659,57.976,58.162,890055,0.0,0.0
2017-11-27,58.162,58.694,58.127,58.507,1629167,0.0,0.0
2017-11-28,58.673,60.123,58.328,59.833,3114224,0.0,0.0
2017-11-29,60.151,60.206,59.17,59.433,2354230,0.0,0.0
2017-11-30,59.619,60.917,59.543,60.503,3087542,0.0,0.0
2017-12-01,60.385,60.731,58.604,59.529,2264515,0.0,0.0
2017-12-04,60.075,60.254,58.77,58.777,3087413,0.0,0.0
2017-12-05,58.88,59.073,58.245,58.404,2585347,0.0,0.0
2017-12-06,58.21,59.798,57.803,59.564,3147738,0.0,0.0
2017-12-07,59.716,60.542,59.411,59.904,1886194,0.349,0.0
2017-12-08,61.313,61.806,60.438,60.813,2808473,0.0,0.0
2017-12-11,60.772,61.396,60.772,60.959,3027474,0.0,0.0
2017-12-12,61.146,61.16,59.918,59.959,2061240,0.0,0.0
2017-12-13,60.008,60.723,59.487,60.48,2568075,0.0,0.0
2017-12-14,60.744,61.008,59.703,59.716,1537390,0.0,0.0
2017-12-15,60.306,60.667,59.869,60.216,3675068,0.0,0.0
2017-12-18,60.418,60.973,60.091,60.14,1922801,0.0,0.0
2017-12-19,60.39,60.584,59.897,60.209,1503103,0.0,0.0
2017-12-20,60.626,60.945,60.195,60.536,1402948,0.0,0.0
2017-12-21,60.855,62.958,60.674,62.736,4158056,0.0,0.0
2017-12-22,62.875,62.916,61.868,62.313,1680598,0.0,0.0
2017-12-26,62.361,62.361,61.785,61.924,676209,0.0,0.0
2017-12-27,62.09,62.104,61.771,61.854,982476,0.0,0.0
2017-12-28,62.083,62.083,61.431,61.938,848807,0.0,0.0
2017-12-29,62.181,62.59,61.91,61.91,1213594,0.0,0.0
2018-01-02,62.285,62.437,60.945,61.604,2448456,0.0,0.0
2018-01-03,61.549,62.514,61.403,62.437,1656881,0.0,0.0
2018-01-04,62.521,63.354,62.41,62.743,1665388,0.0,0.0
2018-01-05,62.93,63.069,62.014,62.271,1800089,0.0,0.0
2018-01-08,62.5,63.118,62.375,62.764,2547837,0.0,0.0
2018-01-09,62.979,63.381,62.771,63.09,2293389,0.0,0.0
2018-01-10,63.076,63.236,62.542,63.152,1927442,0.0,0.0
2018-01-11,63.166,64.409,63.007,63.853,2446264,0.0,0.0
2018-01-12,64.117,64.117,62.944,63.236,2248145,0.0,0.0
2018-01-16,63.777,63.812,62.458,62.653,1870984,0.0,0.0
2018-01-17,62.798,62.972,62.292,62.597,1502716,0.0,0.0
2018-01-18,62.41,63.25,62.16,62.701,1595266,0.0,0.0
2018-01-19,63.027,63.201,62.555,63.118,1473585,0.0,0.0
2018-01-22,62.972,63.048,61.965,62.361,1543191,0.0,0.0
2018-01-23,63.361,63.756,62.701,63.701,2118858,0.0,0.0
2018-01-24,63.992,64.791,63.645,63.847,2248918,0.0,0.0
2018-01-25,64.312,64.312,63.076,63.562,1380906,0.0,0.0
2018-01-26,63.854,65.152,63.513,65.124,2087407,0.0,0.0
2018-01-29,64.992,66.054,64.964,65.158,2670808,0.0,0.0
2018-01-30,64.839,65.207,63.708,64.228,3238613,0.0,0.0
2018-01-31,64.811,65.79,63.381,65.686,5681268,0.0,0.0
2018-02-01,65.492,67.796,65.422,67.053,4684226,0.0,0.0
2018-02-02,66.616,66.963,65.998,66.109,3353076,0.0,0.0
2018-02-05,65.624,66.137,62.715,62.84,4884408,0.0,0.0
2018-02-06,61.577,64.062,60.966,63.687,3909021,0.0,0.0
2018-02-07,63.673,64.978,63.27,63.298,2719532,0.0,0.0
2018-02-08,63.257,63.361,60.765,60.806,2721724,0.0,0.0
2018-02-09,61.577,62.389,59.522,61.889,3031341,0.0,0.0
2018-02-12,62.389,63.673,62.243,63.104,1914036,0.0,0.0
2018-02-13,62.507,63.104,62.215,62.653,1510966,0.0,0.0
2018-02-14,62.257,62.979,62.007,62.743,2387486,0.0,0.0
2018-02-15,63.347,64.11,62.382,63.867,2036491,0.0,0.0
2018-02-16,63.673,64.721,63.021,63.187,2527987,0.0,0.0
2018-02-20,62.812,63.305,62.264,62.5,2125819,0.0,0.0
2018-02-21,62.611,63.34,61.986,62.479,3847923,0.0,0.0
2018-02-22,62.882,63.583,62.542,62.687,1669384,0.0,0.0
2018-02-23,63.152,63.263,62.174,62.576,2002461,0.0,0.0
2018-02-26,62.673,63.152,61.924,62.923,2785142,0.0,0.0
2018-02-27,62.979,63.701,62.528,62.528,1992923,0.0,0.0
2018-02-28,62.847,63.437,61.632,61.639,2341726,0.0,0.0
2018-03-01,61.764,61.813,59.564,59.605,3435830,0.0,0.0
2018-03-02,59.071,60.091,58.342,59.897,3684220,0.0,0.0
2018-03-05,59.571,60.133,59.029,59.848,4578786,0.0,0.0
2018-03-06,60.23,61.014,59.661,60.383,2540103,0.0,0.0
2018-03-07,59.543,60.737,59.536,60.549,2568075,0.0,0.0
2018-03-08,60.842,61.156,60.41,61.038,2516128,0.349,0.0
2018-03-09,61.582,62.545,61.31,62.538,2601202,0.0,0.0
2018-03-12,62.552,62.768,61.331,61.456,1772504,0.0,0.0
2018-03-13,61.77,62.343,61.268,61.568,1814396,0.0,0.0
2018-03-14,62.008,62.231,61.261,61.624,1813365,0.0,0.0
2018-03-15,61.75,63.019,61.484,62.95,3031341,0.0,0.0
2018-03-16,62.901,62.936,62.07,62.433,2991898,0.0,0.0
2018-03-19,62.294,62.377,61.142,61.763,1217847,0.0,0.0
2018-03-20,61.952,62.81,61.847,62.07,1450641,0.0,0.0
2018-03-21,62.203,62.859,61.994,62.091,1752782,0.0,0.0
2018-03-22,61.394,61.394,59.901,60.061,1643475,0.0,0.0
2018-03-23,60.256,60.256,58.338,58.512,2009551,0.0,0.0
2018-03-26,59.342,60.201,58.847,60.124,1962631,0.0,0.0
2018-03-27,60.41,60.577,58.993,59.307,1656623,0.0,0.0
2018-03-28,59.377,59.761,58.331,58.575,1812850,0.0,0.0
2018-03-29,58.938,60.194,58.938,59.663,1283200,0.0,0.0
2018-04-02,59.412,59.782,57.165,58.017,1955026,0.0,0.0
2018-04-03,58.261,58.973,57.779,58.945,1467140,0.0,0.0
2018-04-04,57.486,59.44,57.312,59.335,1799831,0.0,0.0
2018-04-05,60.305,60.354,59.524,59.914,1931824,0.0,0.0
2018-04-06,59.217,59.614,57.382,58.045,2383361,0.0,0.0
2018-04-09,58.393,58.693,57.633,57.745,2063947,0.0,0.0
2018-04-10,58.414,59.377,58.233,58.903,1397018,0.0,0.0
2018-04-11,58.338,58.617,58.052,58.324,956309,0.0,0.0
2018-04-12,58.666,59.14,58.652,58.819,1286938,0.0,0.0
2018-04-13,59.266,59.517,58.4,58.7,1212949,0.0,0.0
2018-04-16,59.28,59.468,58.826,59.3,1316327,0.0,0.0
2018-04-17,59.656,60.284,59.566,60.047,1824837,0.0,0.0
2018-04-18,60.431,60.808,60.173,60.256,1309237,0.0,0.0
2018-04-19,60.242,60.305,58.331,58.952,3034693,0.0,0.0
2018-04-20,58.763,59.056,57.661,58.303,3822916,0.0,0.0
2018-04-23,58.338,58.931,58.017,58.093,2511359,0.0,0.0
2018-04-24,58.352,58.784,55.561,56.091,4991910,0.0,0.0
2018-04-25,58.791,59.587,57.312,59.419,5515244,0.0,0.0
2018-04-26,59.531,59.754,58.093,59.314,5020011,0.0,0.0
2018-04-27,59.182,60.18,58.617,60.082,3008784,0.0,0.0
2018-04-30,60.124,60.354,58.372,58.533,3070656,0.0,0.0
2018-05-01,58.303,60.012,58.268,59.956,3637042,0.0,0.0
2018-05-02,59.956,60.354,59.37,59.461,3035853,0.0,0.0
2018-05-03,59.307,60.228,58.673,59.984,2988804,0.0,0.0
2018-05-04,59.559,60.891,59.342,60.473,1753298,0.0,0.0
2018-05-07,60.703,61.233,60.542,60.975,2341469,0.0,0.0
2018-05-08,60.877,61.666,60.717,61.456,2141287,0.0,0.0
2018-05-09,61.666,61.98,61.366,61.791,2247243,0.0,0.0
2018-05-10,61.959,62.482,61.757,61.91,1726744,0.0,0.0
2018-05-11,62.015,62.454,61.575,61.973,1700836,0.0,0.0
2018-05-14,62.105,62.65,62.077,62.21,1460824,0.0,0.0
2018-05-15,62.008,62.384,61.791,62.015,1808596,0.0,0.0
2018-05-16,62.057,62.531,61.652,61.75,1942394,0.0,0.0
2018-05-17,61.826,63.124,61.826,62.775,2188464,0.0,0.0
2018-05-18,62.726,62.936,62.587,62.733,1874335,0.0,0.0
2018-05-21,63.312,64.219,63.285,63.906,1826126,0.0,0.0
2018-05-22,64.003,64.24,63.396,63.417,1511353,0.0,0.0
2018-05-23,63.012,63.082,62.573,62.978,1827931,0.0,0.0
2018-05-24,62.964,63.585,62.74,62.845,2291971,0.0,0.0
2018-05-25,62.594,63.082,62.419,62.664,1351001,0.0,0.0
2018-05-29,62.14,62.733,61.47,61.987,1734994,0.0,0.0
2018-05-30,62.461,62.859,62.21,62.559,1816201,0.0,0.0
2018-05-31,62.677,62.705,60.94,61.08,2564852,0.0,0.0
2018-06-01,61.694,62.105,61.338,61.589,1282168,0.0,0.0
2018-06-04,62.064,62.426,61.345,61.456,1122203,0.0,0.0
2018-06-05,61.526,61.84,61.24,61.687,1444840,0.0,0.0
2018-06-06,61.75,63.012,61.505,62.894,2311435,0.0,0.0
2018-06-07,63.09,63.623,62.733,63.532,1429372,0.349,0.0
2018-06-08,63.567,63.686,63.244,63.595,1017150,0.0,0.0
2018-06-11,64.198,65.502,63.89,65.236,2491508,0.0,0.0
2018-06-12,65.264,65.397,64.233,64.815,2478103,0.0,0.0
2018-06-13,64.752,64.752,63.826,63.918,2239509,0.0,0.0
2018-06-14,64.163,64.885,63.911,64.451,1612539,0.0,0.0
2018-06-15,64.1,64.983,63.392,64.612,3248925,0.0,0.0
2018-06-18,64.1,64.556,63.651,64.528,1065616,0.0,0.0
2018-06-19,63.974,64.366,63.055,63.826,1566393,0.0,0.0
2018-06-20,64.1,64.261,63.462,63.742,1023853,0.0,0.0
2018-06-21,63.532,63.581,62.796,63.02,2661141,0.0,0.0
2018-06-22,63.532,63.953,63.293,63.644,1782945,0.0,0.0
2018-06-25,63.223,63.23,62.389,62.964,1414162,0.0,0.0
2018-06-26,63.23,63.427,62.389,62.459,2224298,0.0,0.0
2018-06-27,63.041,63.988,62.312,62.333,2050541,0.0,0.0
2018-06-28,62.333,63.139,61.667,62.396,1749044,0.0,0.0
2018-06-29,62.789,63.574,62.522,62.922,2060853,0.0,0.0
2018-07-02,62.501,62.726,61.891,62.711,1682403,0.0,0.0
2018-07-03,62.992,63.679,62.81,63.069,1307304,0.0,0.0
2018-07-05,63.532,63.862,63.027,63.434,1898568,0.0,0.0
2018-07-06,63.258,63.392,62.655,63.02,1894186,0.0,0.0
2018-07-09,63.392,64.689,63.392,64.31,1793901,0.0,0.0
2018-07-10,64.31,64.773,63.939,64.128,991112,0.0,0.0
2018-07-11,63.497,63.497,62.564,62.606,1468429,0.0,0.0
2018-07-12,63.202,63.406,62.494,63.027,1348036,0.0,0.0
2018-07-13,62.894,63.939,62.852,63.847,1016892,0.0,0.0
2018-07-16,63.77,63.939,62.894,63.083,1328057,0.0,0.0
2018-07-17,63.09,63.911,62.852,63.735,1241049,0.0,0.0
2018-07-18,63.96,64.247,63.742,63.995,1280106,0.0,0.0
2018-07-19,63.616,64.584,63.511,64.373,1174924,0.0,0.0
2018-07-20,63.995,64.528,63.581,64.373,1880522,0.0,0.0
2018-07-23,63.897,64.135,63.041,63.216,1831540,0.0,0.0
2018-07-24,63.847,64.394,62.957,63.869,2220045,0.0,0.0
2018-07-25,64.927,67.501,64.899,67.403,4857983,0.0,0.0
2018-07-26,67.536,69.289,67.452,68.532,3562023,0.0,0.0
2018-07-27,68.721,69.065,68.195,68.525,1687946,0.0,0.0
2018-07-30,68.644,69.422,68.083,68.174,2298287,0.0,0.0
2018-07-31,68.721,69.373,68.441,69.079,2060209,0.0,0.0
2018-08-01,68.988,69.212,68.006,68.314,1384257,0.0,0.0
2018-08-02,67.83,68.202,67.312,67.753,1580701,0.0,0.0
2018-08-03,67.964,68.202,67.319,67.985,1734478,0.0,0.0
2018-08-06,68.258,68.434,67.781,68.104,1114727,0.0,0.0
2018-08-07,68.293,68.644,67.95,68.406,1314136,0.0,0.0
2018-08-08,68.391,68.861,68.034,68.448,1261673,0.0,0.0
2018-08-09,68.153,68.56,67.298,67.676,2658949,0.0,0.0
2018-08-10,67.62,67.816,67.136,67.494,1211144,0.0,0.0
2018-08-13,67.662,67.887,67.087,67.347,1529914,0.0,0.0
2018-08-14,67.438,68.42,67.438,68.048,1643604,0.0,0.0
2018-08-15,67.732,68.861,66.954,68.651,2702517,0.0,0.0
2018-08-16,68.875,69.696,68.672,69.31,2119116,0.0,0.0
2018-08-17,69.471,70.166,69.205,69.99,1413517,0.0,0.0
2018-08-20,70.124,70.453,69.773,70.004,1668739,0.0,0.0
2018-08-21,70.474,71.196,70.159,70.656,2550802,0.0,0.0
2018-08-22,70.439,70.607,69.464,69.787,1386448,0.0,0.0
2018-08-23,69.836,69.913,69.296,69.724,934654,0.0,0.0
2018-08-24,69.843,70.039,69.282,69.836,888379,0.0,0.0
2018-08-27,70.124,70.874,70.053,70.776,1431435,0.0,0.0
2018-08-28,70.958,71.358,70.79,70.867,1388382,0.0,0.0
2018-08-29,71.007,71.694,70.6,71.351,1626589,0.0,0.0
2018-08-30,71.161,71.407,70.741,70.916,1120012,0.0,0.0
2018-08-31,70.678,71.428,70.635,71.028,1290418,0.0,0.0
2018-09-04,70.944,71.421,70.671,71.4,1847524,0.0,0.0
2018-09-05,71.203,72.473,71.077,72.248,2910949,0.0,0.0
2018-09-06,72.34,72.622,71.247,71.36,2469853,0.411,0.0
2018-09-07,70.98,71.113,70.275,70.691,2002590,0.0,0.0
2018-09-10,71.254,72.389,71.226,72.248,1603258,0.0,0.0
2018-09-11,72.023,72.735,71.48,71.917,2087278,0.0,0.0
2018-09-12,71.861,72.671,71.684,72.495,1961729,0.0,0.0
2018-09-13,72.897,72.96,72.037,72.784,2826906,0.0,0.0
2018-09-14,72.953,73.482,72.798,72.883,1482737,0.0,0.0
2018-09-17,73.031,73.094,72.537,72.615,2527600,0.0,0.0
2018-09-18,72.706,73.165,71.184,72.89,2290424,0.0,0.0
2018-09-19,73.01,73.143,72.375,72.58,2693623,0.0,0.0
2018-09-20,73.038,73.249,72.573,72.911,2136389,0.0,0.0
2018-09-21,73.489,73.693,73.059,73.327,3803839,0.0,0.0
2018-09-24,73.221,73.313,71.861,72.276,1753427,0.0,0.0
2018-09-25,72.467,72.833,71.952,72.488,2093336,0.0,0.0
2018-09-26,72.403,72.897,72.051,72.164,1954253,0.0,0.0
2018-09-27,72.474,72.932,72.185,72.375,1263865,0.0,0.0
2018-09-28,72.34,73.256,71.959,72.107,1729322,0.0,0.0
2018-10-01,72.777,73.348,72.594,72.812,1641542,0.0,0.0
2018-10-02,72.981,73.538,72.791,73.235,1579412,0.0,0.0
2018-10-03,73.679,74.546,73.418,73.595,2138709,0.0,0.0
2018-10-04,73.545,74.222,72.995,73.468,1652498,0.0,0.0
2018-10-05,73.383,73.785,72.213,72.685,1708956,0.0,0.0
2018-10-08,72.601,72.918,71.98,72.89,1458375,0.0,0.0
2018-10-09,72.883,72.981,72.086,72.107,1978486,0.0,0.0
2018-10-10,72.072,72.072,68.816,68.907,3586771,0.0,0.0
2018-10-11,68.872,69.246,67.124,67.617,2733969,0.0,0.0
2018-10-12,68.646,69.013,67.469,68.47,2170934,0.0,0.0
2018-10-15,68.498,69.14,68.068,68.449,1808725,0.0,0.0
2018-10-16,68.985,69.795,68.724,69.605,2205737,0.0,0.0
2018-10-17,69.464,69.746,68.47,68.738,1971397,0.0,0.0
2018-10-18,68.181,69.175,67.533,67.836,2831675,0.0,0.0
2018-10-19,67.836,68.111,65.799,66.137,5048240,0.0,0.0
2018-10-22,66.13,66.384,64.671,65.552,2788752,0.0,0.0
2018-10-23,63.931,65.164,63.261,64.784,4035214,0.0,0.0
2018-10-24,65.334,66.433,64.897,65.249,5241461,0.0,0.0
2018-10-25,66.743,68.231,66.285,67.328,4330267,0.0,0.0
2018-10-26,66.285,67.829,65.728,66.483,2648637,0.0,0.0
2018-10-29,67.61,67.772,64.946,65.785,2691819,0.0,0.0
2018-10-30,65.89,67.723,65.672,67.638,2871248,0.0,0.0
2018-10-31,68.569,68.914,67.561,67.624,2590503,0.0,0.0
2018-11-01,67.808,69.746,67.526,69.394,2315302,0.0,0.0
2018-11-02,69.781,70.211,68.745,69.203,1927957,0.0,0.0
2018-11-05,69.774,70.338,69.429,69.88,1687301,0.0,0.0
2018-11-06,69.901,71.325,69.739,71.254,1650049,0.0,0.0
2018-11-07,71.938,72.622,71.438,72.453,1669255,0.0,0.0
2018-11-08,72.516,73.411,72.453,72.988,1810529,0.0,0.0
2018-11-09,72.446,72.967,71.579,72.502,1806405,0.0,0.0
2018-11-12,72.537,72.537,71.198,71.297,1413775,0.0,0.0
2018-11-13,71.656,73.51,71.445,72.227,1969463,0.0,0.0
2018-11-14,72.565,72.911,71.149,71.635,2133295,0.0,0.0
2018-11-15,70.782,73.566,70.592,73.108,1909267,0.0,0.0
2018-11-16,73.059,74.137,72.974,73.552,1961471,0.0,0.0
2018-11-19,73.291,73.94,72.46,72.784,1434786,0.0,0.0
2018-11-20,72.453,72.46,70.444,70.613,2744281,0.0,0.0
2018-11-21,70.846,72.446,70.81,71.741,1345716,0.0,0.0
2018-11-23,70.98,72.354,70.846,71.846,549372,0.0,0.0
2018-11-26,72.291,72.481,70.874,71.184,2187691,0.0,0.0
2018-11-27,70.832,71.459,70.232,70.839,2361190,0.0,0.0
2018-11-28,70.951,73.158,70.874,72.558,2406563,0.0,0.0
2018-11-29,72.333,73.249,71.677,72.861,1719784,0.0,0.0
2018-11-30,72.918,74.398,72.446,72.967,3807190,0.0,0.0
2018-12-03,74.454,75.477,73.736,74.454,2295580,0.0,0.0
2018-12-04,74.504,75.251,72.051,72.206,2725204,0.0,0.0
2018-12-06,71.228,71.859,69.358,71.71,2865834,0.411,0.0
2018-12-07,71.873,72.305,69.195,69.421,1607770,0.0,0.0
2018-12-10,69.606,69.818,67.941,69.244,1676602,0.0,0.0
2018-12-11,70.661,70.952,68.649,68.876,1816846,0.0,0.0
2018-12-12,69.769,70.725,69.485,69.499,1858609,0.0,0.0
2018-12-13,69.804,70.038,68.522,68.925,1752009,0.0,0.0
2018-12-14,68.458,69.365,67.7,67.997,2184082,0.0,0.0
2018-12-17,67.976,67.976,65.822,66.389,2572973,0.0,0.0
2018-12-18,67.175,67.919,66.481,67.012,2218627,0.0,0.0
2018-12-19,67.112,67.997,65.092,65.603,2612416,0.0,0.0
2018-12-20,65.036,65.872,63.867,64.511,2384779,0.0,0.0
2018-12-21,64.122,65.858,62.853,63.031,3944469,0.0,0.0
2018-12-24,62.804,62.988,61.11,61.153,927693,0.0,0.0
2018-12-26,61.373,63.512,60.331,63.491,1491889,0.0,0.0
2018-12-27,62.676,64.639,61.769,64.639,1926797,0.0,0.0
2018-12-28,64.809,65.496,64.157,64.518,1571678,0.0,0.0
2018-12-31,64.71,64.986,63.888,64.639,1511610,0.0,0.0
2019-01-02,63.668,64.908,63.123,64.83,2562532,0.0,0.0
2019-01-03,64.448,64.795,63.42,63.789,3077230,0.0,0.0
2019-01-04,64.724,66.021,64.306,65.964,2464697,0.0,0.0
2019-01-07,65.999,66.219,65.156,65.277,2023472,0.0,0.0
2019-01-08,66.021,66.389,65.0,65.574,2021925,0.0,0.0
2019-01-09,65.9,67.331,65.893,66.885,2322778,0.0,0.0
2019-01-10,66.602,67.558,66.226,67.501,1358735,0.0,0.0
2019-01-11,67.005,67.331,66.637,67.282,1093330,0.0,0.0
2019-01-14,66.885,67.523,66.538,67.353,1035711,0.0,0.0
2019-01-15,67.544,67.593,66.219,66.772,1689235,0.0,0.0
2019-01-16,66.694,67.055,66.354,66.446,2156110,0.0,0.0
2019-01-17,65.964,66.715,65.758,66.368,3323815,0.0,0.0
2019-01-18,66.913,68.479,66.828,68.097,2950392,0.0,0.0
2019-01-22,67.31,67.523,65.581,65.893,2115894,0.0,0.0
2019-01-23,66.389,66.956,65.355,66.219,2024503,0.0,0.0
2019-01-24,66.375,66.92,66.29,66.531,1945359,0.0,0.0
2019-01-25,67.296,67.785,66.793,66.935,1418802,0.0,0.0
2019-01-28,66.028,66.935,65.928,66.913,1940461,0.0,0.0
2019-01-29,67.303,68.784,67.048,68.55,2710123,0.0,0.0
2019-01-30,69.159,71.873,67.785,71.242,5348448,0.0,0.0
2019-01-31,71.108,71.108,69.903,70.881,3042040,0.0,0.0
2019-02-01,70.909,71.717,70.661,71.618,3104943,0.0,0.0
2019-02-04,71.724,71.724,70.874,71.335,1975264,0.0,0.0
2019-02-05,71.157,71.845,71.157,71.767,1931180,0.0,0.0
2019-02-06,71.632,71.951,71.349,71.455,1931953,0.0,0.0
2019-02-07,70.994,71.901,70.711,71.717,1733189,0.0,0.0
2019-02-08,71.533,72.227,71.009,72.213,1757552,0.0,0.0
2019-02-11,72.22,72.709,71.689,72.631,1969334,0.0,0.0
2019-02-12,72.829,73.956,72.829,73.51,2014449,0.0,0.0
2019-02-13,73.595,74.438,73.595,74.105,1410553,0.0,0.0
2019-02-14,73.963,74.02,73.283,73.333,1460953,0.0,0.0
2019-02-15,73.977,74.332,73.857,74.204,1676602,0.0,0.0
2019-02-19,73.885,75.04,73.807,74.395,1629167,0.0,0.0
2019-02-20,74.565,75.076,74.424,74.799,1334502,0.0,0.0
2019-02-21,74.509,74.82,74.19,74.785,1432208,0.0,0.0
2019-02-22,74.941,75.543,74.629,75.338,1142054,0.0,0.0
2019-02-25,75.742,76.266,75.557,75.763,1611895,0.0,0.0
2019-02-26,75.692,76.259,75.316,75.352,2056084,0.0,0.0
2019-02-27,75.076,75.798,74.92,75.784,1605836,0.0,0.0
2019-02-28,75.6,75.664,74.636,74.792,3109197,0.0,0.0
2019-03-01,75.437,75.742,74.792,75.139,1662294,0.0,0.0
2019-03-04,75.607,75.784,74.239,74.75,1883745,0.0,0.0
2019-03-05,75.819,75.819,75.083,75.104,1976166,0.0,0.0
2019-03-06,75.635,76.06,75.217,75.366,1729838,0.0,0.0
2019-03-07,75.038,75.038,73.557,74.319,1833474,0.411,0.0
2019-03-08,73.515,74.341,73.123,74.269,2173512,0.0,0.0
2019-03-11,74.177,75.209,73.928,75.031,1706378,0.0,0.0
2019-03-12,75.288,75.53,75.038,75.466,1540742,0.0,0.0
2019-03-13,75.743,76.256,75.352,75.772,1666290,0.0,0.0
2019-03-14,75.765,76.149,75.266,75.444,1248397,0.0,0.0
2019-03-15,75.679,75.971,75.352,75.551,2246856,0.0,0.0
2019-03-18,75.195,76.235,75.195,76.228,1803053,0.0,0.0
2019-03-19,76.591,76.726,75.459,75.857,1497431,0.0,0.0
2019-03-20,75.8,75.8,74.241,74.704,1795577,0.0,0.0
2019-03-21,74.604,75.993,74.568,75.715,836690,0.0,0.0
2019-03-22,75.224,75.48,74.034,74.22,1294414,0.0,0.0
2019-03-25,74.348,75.188,74.049,74.554,1202250,0.0,0.0
2019-03-26,75.11,75.573,74.868,75.302,2005684,0.0,0.0
2019-03-27,75.451,75.765,74.981,75.38,1042543,0.0,0.0
2019-03-28,75.779,76.669,75.594,76.491,1471007,0.0,0.0
2019-03-29,76.868,77.232,76.399,76.868,1503747,0.0,0.0
2019-04-01,77.616,78.577,77.609,78.456,1841465,0.0,0.0
2019-04-02,78.649,79.04,77.986,78.513,1139218,0.0,0.0
2019-04-03,78.926,79.311,78.521,78.827,1821873,0.0,0.0
2019-04-04,79.567,80.158,79.233,79.994,2361190,0.0,0.0
2019-04-05,80.215,80.785,79.781,80.18,1448836,0.0,0.0
2019-04-08,79.752,80.137,79.674,80.13,1530816,0.0,0.0
2019-04-09,79.952,79.973,79.154,79.197,1692070,0.0,0.0
2019-04-10,79.361,79.361,78.335,79.033,1715530,0.0,0.0
2019-04-11,79.176,80.286,78.784,80.237,1716819,0.0,0.0
2019-04-12,80.792,81.533,80.792,81.468,2000399,0.0,0.0
2019-04-15,81.333,81.568,80.906,81.162,1339271,0.0,0.0
2019-04-16,81.404,81.468,80.842,81.013,1523211,0.0,0.0
2019-04-17,81.355,81.426,80.308,80.343,1755231,0.0,0.0
2019-04-18,80.343,80.764,79.987,80.315,2587410,0.0,0.0
2019-04-22,80.123,80.543,79.56,80.372,1024755,0.0,0.0
2019-04-23,80.286,81.006,80.137,80.749,1679696,0.0,0.0
2019-04-24,80.806,81.362,80.173,80.671,1605578,0.0,0.0
2019-04-25,79.995,80.372,79.446,79.646,1403979,0.0,0.0
2019-04-26,79.802,80.692,79.681,80.543,1493435,0.0,0.0
2019-04-29,84.238,86.766,84.06,85.777,5569511,0.0,0.0
2019-04-30,86.524,88.077,84.737,87.308,6161678,0.0,0.0
2019-05-01,87.585,88.226,86.289,86.909,2997054,0.0,0.0
2019-05-02,87.03,87.913,86.296,87.777,1767477,0.0,0.0
2019-05-03,88.297,89.195,88.198,88.789,1899728,0.0,0.0
2019-05-06,87.179,87.963,86.795,87.899,1474616,0.0,0.0
2019-05-07,86.745,87.614,86.054,86.873,2409141,0.0,0.0
2019-05-08,86.268,87.186,85.841,86.517,2440979,0.0,0.0
2019-05-09,85.449,86.681,85.143,86.546,1837212,0.0,0.0
2019-05-10,86.118,87.884,85.413,87.45,1641284,0.0,0.0
2019-05-13,85.299,86.019,84.787,85.748,1737572,0.0,0.0
2019-05-14,85.983,87.03,85.727,86.318,1322514,0.0,0.0
2019-05-15,85.869,86.788,85.549,86.389,1222617,0.0,0.0
2019-05-16,86.638,87.343,86.553,86.802,1402045,0.0,0.0
2019-05-17,85.869,86.994,85.812,86.033,973324,0.0,0.0
2019-05-20,85.641,86.46,85.235,86.403,1309495,0.0,0.0
2019-05-21,87.037,88.134,86.845,87.977,1756649,0.0,0.0
2019-05-22,87.386,88.048,87.08,87.08,1317358,0.0,0.0
2019-05-23,86.489,86.503,85.542,85.99,1840048,0.0,0.0
2019-05-24,86.346,86.738,85.549,85.584,1267345,0.0,0.0
2019-05-28,85.584,85.862,84.445,84.452,2623244,0.0,0.0
2019-05-29,84.103,84.666,83.669,84.217,1997563,0.0,0.0
2019-05-30,84.452,85.371,84.445,85.228,2070650,0.0,0.0
2019-05-31,84.452,84.922,84.132,84.267,1741310,0.0,0.0
2019-06-03,84.587,86.261,84.587,85.969,2022957,0.0,0.0
2019-06-04,86.595,87.749,86.225,87.699,1730998,0.0,0.0
2019-06-05,88.247,89.002,87.863,88.354,1581603,0.0,0.0
2019-06-06,88.669,89.398,87.868,89.355,1309237,0.411,0.0
2019-06-07,89.799,90.071,89.026,89.641,1138316,0.0,0.0
2019-06-10,90.063,90.879,89.577,89.641,1274434,0.0,0.0
2019-06-11,90.492,90.75,87.954,88.197,2592179,0.0,0.0
2019-06-12,88.254,88.991,87.725,88.662,1868663,0.0,0.0
2019-06-13,89.019,89.177,88.419,88.926,2639099,0.0,0.0
2019-06-14,89.041,89.641,88.24,89.162,1337338,0.0,0.0
2019-06-17,89.291,89.341,87.732,87.796,1388640,0.0,0.0
2019-06-18,88.411,88.962,87.932,88.147,1917774,0.0,0.0
2019-06-19,88.183,88.712,87.632,88.476,1306144,0.0,0.0
2019-06-20,89.363,90.507,88.876,90.185,1678794,0.0,0.0
2019-06-21,90.028,90.128,89.384,89.506,2442655,0.0,0.0
2019-06-24,89.992,90.857,89.777,89.813,1968174,0.0,0.0
2019-06-25,89.749,90.128,89.227,89.298,1390573,0.0,0.0
2019-06-26,89.47,89.856,88.59,89.041,1418802,0.0,0.0
2019-06-27,89.155,89.885,88.876,88.926,1350356,0.0,0.0
2019-06-28,89.019,90.757,89.019,90.585,3811315,0.0,0.0
2019-07-01,91.272,91.537,90.249,91.315,1197868,0.0,0.0
2019-07-02,90.836,91.072,89.541,89.935,1809112,0.0,0.0
2019-07-03,89.563,90.249,88.719,89.785,1833345,0.0,0.0
2019-07-05,89.212,89.27,87.939,89.255,1213594,0.0,0.0
2019-07-08,89.055,90.128,88.926,89.641,1578509,0.0,0.0
2019-07-09,88.941,89.22,88.39,88.705,1954640,0.0,0.0
2019-07-10,89.391,89.742,88.562,88.826,1806791,0.0,0.0
2019-07-11,89.091,89.212,88.147,89.069,1846750,0.0,0.0
2019-07-12,89.506,90.686,89.448,90.55,1915583,0.0,0.0
2019-07-15,90.879,91.351,90.7,90.943,1178146,0.0,0.0
2019-07-16,91.1,91.758,90.7,91.63,1597587,0.0,0.0
2019-07-17,91.472,91.701,89.484,89.513,1623238,0.0,0.0
2019-07-18,88.833,89.885,88.683,89.57,1210758,0.0,0.0
2019-07-19,89.906,90.228,88.991,89.177,1705992,0.0,0.0
2019-07-22,88.297,89.406,88.297,89.055,1410939,0.0,0.0
2019-07-23,89.005,89.105,87.632,88.998,1940332,0.0,0.0
2019-07-24,88.39,89.391,88.061,88.74,1619242,0.0,0.0
2019-07-25,88.819,88.819,87.453,87.546,1730740,0.0,0.0
2019-07-26,87.711,87.947,87.053,87.661,1955542,0.0,0.0
2019-07-29,87.611,87.782,86.931,87.403,1701351,0.0,0.0
2019-07-30,87.475,90.964,86.001,90.535,3324460,0.0,0.0
2019-07-31,90.235,90.271,87.582,88.433,2552349,0.0,0.0
2019-08-01,88.118,89.613,86.817,87.053,1576447,0.0,0.0
2019-08-02,86.731,87.16,85.751,86.445,1839403,0.0,0.0
2019-08-05,85.222,85.529,83.613,84.385,2271734,0.0,0.0
2019-08-06,84.886,85.63,84.528,85.451,1274305,0.0,0.0
2019-08-07,84.514,85.565,84.235,85.258,2217725,0.0,0.0
2019-08-08,86.001,86.724,85.887,86.495,1297765,0.0,0.0
2019-08-09,85.994,86.373,85.05,85.379,1193098,0.0,0.0
2019-08-12,85.058,85.143,83.978,84.199,1513544,0.0,0.0
2019-08-13,84.006,86.431,83.799,85.973,1469847,0.0,0.0
2019-08-14,84.543,84.979,82.862,83.162,1281137,0.0,0.0
2019-08-15,83.212,83.992,82.626,83.284,1379230,0.0,0.0
2019-08-16,84.207,84.957,83.885,84.299,1633808,0.0,0.0
2019-08-19,85.551,85.58,84.621,84.793,1107122,0.0,0.0
2019-08-20,84.721,85.079,83.935,84.485,1368274,0.0,0.0
2019-08-21,85.315,85.651,84.478,84.857,943677,0.0,0.0
2019-08-22,84.986,85.401,83.906,84.378,1079280,0.0,0.0
2019-08-23,83.77,84.299,81.875,82.211,1595395,0.0,0.0
2019-08-26,82.612,82.919,81.432,82.44,1606481,0.0,0.0
2019-08-27,82.783,83.499,82.597,83.32,1741310,0.0,0.0
2019-08-28,82.826,84.292,82.776,84.028,1143472,0.0,0.0
2019-08-29,84.986,86.252,84.979,85.944,1742212,0.0,0.0
2019-08-30,86.688,87.096,86.309,86.595,1304081,0.0,0.0
2019-09-03,85.816,86.08,84.478,84.807,1432724,0.0,0.0
2019-09-04,85.243,85.608,85.015,85.379,1208953,0.0,0.0
2019-09-05,86.248,87.477,86.248,87.211,1249814,0.411,0.0
2019-09-06,87.419,87.915,87.182,87.348,1255615,0.0,0.0
2019-09-09,87.707,88.023,86.866,87.118,2156368,0.0,0.0
2019-09-10,87.139,87.139,85.753,87.039,1827544,0.0,0.0
2019-09-11,87.161,88.712,86.593,88.691,1436462,0.0,0.0
2019-09-12,88.712,89.366,88.425,88.712,1297765,0.0,0.0
2019-09-13,89.071,89.689,88.475,89.301,1376265,0.0,0.0
2019-09-16,89.093,89.373,88.633,89.021,1220683,0.0,0.0
2019-09-17,88.748,89.589,88.518,89.38,988534,0.0,0.0
2019-09-18,88.906,89.459,88.281,89.021,1024110,0.0,0.0
2019-09-19,89.165,89.819,88.935,89.05,943032,0.0,0.0
2019-09-20,89.359,89.546,88.447,88.461,1684465,0.0,0.0
2019-09-23,88.03,88.992,87.556,88.411,993690,0.0,0.0
2019-09-24,88.612,89.158,87.728,88.174,1483252,0.0,0.0
2019-09-25,88.217,88.942,87.743,88.518,1398823,0.0,0.0
2019-09-26,88.504,89.129,87.958,88.698,1449867,0.0,0.0
2019-09-27,89.373,89.603,87.937,88.755,1139347,0.0,0.0
2019-09-30,89.086,89.201,88.087,88.504,1361184,0.0,0.0
2019-10-01,88.878,89.28,86.062,86.27,1302535,0.0,0.0
2019-10-02,85.494,85.81,83.131,83.77,1566135,0.0,0.0
2019-10-03,83.44,84.884,82.743,84.481,1436591,0.0,0.0
2019-10-04,84.532,85.171,84.402,85.164,1350743,0.0,0.0
2019-10-07,84.74,84.74,83.598,83.648,1371754,0.0,0.0
2019-10-08,82.872,83.109,81.026,81.184,1983384,0.0,0.0
2019-10-09,81.895,82.463,80.933,81.96,1460179,0.0,0.0
2019-10-10,81.687,82.441,81.429,81.953,1468558,0.0,0.0
2019-10-11,82.829,84.589,82.779,82.88,1644893,0.0,0.0
2019-10-14,82.851,83.203,82.398,82.844,1621949,0.0,0.0
2019-10-15,83.303,83.706,82.671,83.361,2337602,0.0,0.0
2019-10-16,83.375,84.0,82.908,83.375,1484541,0.0,0.0
2019-10-17,83.77,84.639,83.734,83.943,1299699,0.0,0.0
2019-10-18,83.677,84.754,83.584,84.259,2128139,0.0,0.0
2019-10-21,84.733,85.997,84.366,84.733,2982359,0.0,0.0
2019-10-22,84.582,85.437,83.548,84.97,1720557,0.0,0.0
2019-10-23,84.611,85.631,84.144,85.286,1484541,0.0,0.0
2019-10-24,85.286,86.062,84.747,86.019,943677,0.0,0.0
2019-10-25,86.083,87.233,85.688,86.96,1570904,0.0,0.0
2019-10-28,87.347,88.209,87.24,87.692,2197616,0.0,0.0
2019-10-29,89.373,92.448,88.044,91.851,4167208,0.0,0.0
2019-10-30,91.449,91.837,90.688,91.794,2235255,0.0,0.0
2019-10-31,91.542,91.794,90.25,91.147,1970752,0.0,0.0
2019-11-01,91.973,92.914,91.557,92.57,1920610,0.0,0.0
2019-11-04,93.295,94.43,93.13,94.243,2075290,0.0,0.0
2019-11-05,94.207,94.732,93.776,93.927,1929246,0.0,0.0
2019-11-06,93.662,94.466,93.008,94.423,1465980,0.0,0.0
2019-11-07,94.825,95.12,92.512,92.735,1840563,0.0,0.0
2019-11-08,92.627,93.726,92.498,93.697,1316198,0.0,0.0
2019-11-11,92.879,93.482,92.656,93.389,1234862,0.0,0.0
2019-11-12,93.367,93.633,92.807,93.058,1176341,0.0,0.0
2019-11-13,92.455,92.591,91.78,91.815,1748013,0.0,0.0
2019-11-14,91.686,92.081,91.133,91.715,1134449,0.0,0.0
2019-11-15,92.167,92.483,91.708,92.448,2015094,0.0,0.0
2019-11-18,92.268,93.64,92.06,93.611,1907333,0.0,0.0
2019-11-19,93.827,94.1,93.101,93.568,1757938,0.0,0.0
2019-11-20,93.058,93.697,92.491,93.266,2437886,0.0,0.0
2019-11-21,93.245,93.432,92.397,93.001,1735639,0.0,0.0
2019-11-22,93.331,93.568,92.699,93.453,1231768,0.0,0.0
2019-11-25,93.532,94.365,93.324,93.992,1057496,0.0,0.0
2019-11-26,93.87,94.179,93.618,93.848,3028763,0.0,0.0
2019-11-27,93.92,94.911,93.575,94.66,1416869,0.0,0.0
2019-11-29,94.638,94.861,94.035,94.179,647594,0.0,0.0
2019-12-02,94.473,94.473,92.857,92.871,1326897,0.0,0.0
2019-12-03,92.002,92.498,91.255,92.009,1761419,0.0,0.0
2019-12-04,92.936,93.927,92.347,92.361,1456828,0.0,0.0
2019-12-05,92.527,93.277,92.217,93.061,1311429,0.411,0.0
2019-12-06,96.92,97.093,94.583,94.987,2806926,0.0,0.0
2019-12-09,94.706,95.412,94.518,94.713,1467140,0.0,0.0
2019-12-10,94.554,95.283,94.352,94.561,2633298,0.0,0.0
2019-12-11,94.9,95.989,94.186,95.939,1448320,0.0,0.0
2019-12-12,96.343,97.165,95.672,96.934,1868663,0.0,0.0
2019-12-13,96.617,97.115,95.975,96.516,1309624,0.0,0.0
2019-12-16,96.985,96.985,96.17,96.177,1425763,0.0,0.0
2019-12-17,96.581,96.942,95.867,96.372,1329475,0.0,0.0
2019-12-18,96.617,96.646,95.47,96.04,1699675,0.0,0.0
2019-12-19,96.011,96.502,95.744,96.328,2029530,0.0,0.0
2019-12-20,96.812,99.776,96.119,97.382,3754857,0.0,0.0
2019-12-23,97.591,97.591,96.776,97.23,1537648,0.0,0.0
2019-12-24,97.353,97.36,96.639,97.079,342874,0.0,0.0
2019-12-26,97.245,97.245,96.155,96.566,1256517,0.0,0.0
2019-12-27,96.812,97.187,96.624,96.906,895082,0.0,0.0
2019-12-30,96.855,96.855,95.679,95.852,1169768,0.0,0.0
2019-12-31,95.788,96.285,95.405,95.874,1182013,0.0,0.0
2020-01-02,96.17,96.906,95.701,96.906,2158173,0.0,0.0
2020-01-03,95.456,96.466,95.311,96.04,1142054,0.0,0.0
2020-01-06,95.506,95.773,94.403,95.203,1766575,0.0,0.0
2020-01-07,94.698,95.449,94.561,94.814,1771215,0.0,0.0
2020-01-08,94.98,95.456,94.554,94.662,1303308,0.0,0.0
2020-01-09,94.706,95.095,93.955,94.143,1637932,0.0,0.0
2020-01-10,94.511,95.571,94.352,94.619,1914810,0.0,0.0
2020-01-13,94.619,95.117,94.446,94.742,1294929,0.0,0.0
2020-01-14,94.835,94.987,94.056,94.403,1564588,0.0,0.0
2020-01-15,94.201,94.763,93.941,94.713,1193098,0.0,0.0
2020-01-16,95.21,95.91,94.936,95.852,1251103,0.0,0.0
2020-01-17,96.127,96.826,96.047,96.595,1770313,0.0,0.0
2020-01-21,96.004,96.401,95.196,95.463,1683821,0.0,0.0
2020-01-22,95.997,96.098,94.951,94.951,990596,0.0,0.0
2020-01-23,94.489,95.441,94.114,95.42,2068200,0.0,0.0
2020-01-24,95.47,95.47,93.573,94.201,2413781,0.0,0.0
2020-01-27,92.989,93.919,92.412,93.068,2030948,0.0,0.0
2020-01-28,93.414,95.081,92.534,94.33,2728040,0.0,0.0
2020-01-29,92.607,97.309,92.607,96.862,4019618,0.0,0.0
2020-01-30,96.328,97.584,95.297,97.475,3205743,0.0,0.0
2020-01-31,96.848,97.475,95.571,96.098,2856682,0.0,0.0
2020-02-03,96.466,98.463,96.393,98.233,2505172,0.0,0.0
2020-02-04,98.968,100.548,98.824,99.921,2689756,0.0,0.0
2020-02-05,100.873,102.546,100.433,102.25,2114991,0.0,0.0
2020-02-06,102.301,102.928,101.579,102.719,1762321,0.0,0.0
2020-02-07,102.358,103.527,101.738,102.286,2299189,0.0,0.0
2020-02-10,101.861,104.147,101.5,103.945,2715407,0.0,0.0
2020-02-11,103.888,104.421,103.267,104.126,1769539,0.0,0.0
2020-02-12,104.551,105.359,104.328,105.013,2397024,0.0,0.0
2020-02-13,104.486,105.424,104.205,105.034,1705218,0.0,0.0
2020-02-14,105.236,105.741,104.638,105.705,1212047,0.0,0.0
2020-02-18,105.15,105.467,103.779,104.566,1518958,0.0,0.0
2020-02-19,104.739,105.474,104.255,105.186,3186150,0.0,0.0
2020-02-20,104.724,105.922,104.183,105.316,2458510,0.0,0.0
2020-02-21,104.688,105.676,104.356,105.049,1969850,0.0,0.0
2020-02-24,102.25,103.318,101.277,102.481,2725977,0.0,0.0
2020-02-25,102.907,103.166,99.12,99.545,2473462,0.0,0.0
2020-02-26,100.274,101.19,98.961,100.086,2504527,0.0,0.0
2020-02-27,98.557,99.798,95.355,95.578,3623766,0.0,0.0
2020-02-28,92.462,94.684,90.356,93.075,4013044,0.0,0.0
2020-03-02,93.532,97.549,91.505,93.486,1855500,0.0,1.289
2020-03-03,93.988,101.835,93.272,98.609,4094300,0.0,0.0
2020-03-04,101.305,109.803,100.533,109.543,3380400,0.0,0.0
2020-03-05,106.177,107.822,103.685,104.531,3181400,0.0,0.0
2020-03-06,102.718,105.526,99.743,104.624,3251200,0.0,0.0
2020-03-09,100.013,100.078,96.136,97.884,3377600,0.0,0.0
2020-03-10,99.715,100.794,93.365,99.548,2582100,0.0,0.0
2020-03-11,96.991,101.537,95.987,99.483,3001200,0.0,0.0
2020-03-12,93.475,96.231,85.972,90.008,3908500,0.53,0.0
2020-03-13,93.839,97.782,90.046,96.652,2770400,0.0,0.0
2020-03-16,84.271,96.259,84.271,86.14,2747500,0.0,0.0
2020-03-17,86.71,88.121,82.477,87.093,3582900,0.0,0.0
2020-03-18,83.028,84.243,65.714,77.562,3013500,0.0,0.0
2020-03-19,75.74,79.992,72.647,76.366,2217500,0.0,0.0
2020-03-20,76.721,78.59,68.602,70.713,2670600,0.0,0.0
2020-03-23,69.003,70.489,65.406,66.583,2112100,0.0,0.0
2020-03-24,69.956,73.806,68.583,71.769,2254000,0.0,0.0
2020-03-25,71.816,81.543,71.227,79.534,2103100,0.0,0.0
2020-03-26,78.992,86.355,78.693,81.178,2377400,0.0,0.0
2020-03-27,78.861,79.422,75.217,77.245,1610200,0.0,0.0
2020-03-30,76.32,80.001,75.993,78.768,1714500,0.0,0.0
2020-03-31,77.413,78.768,75.282,77.17,2048100,0.0,0.0
2020-04-01,73.274,76.497,71.947,75.581,1901100,0.0,0.0
2020-04-02,75.376,77.777,74.993,77.422,1403900,0.0,0.0
2020-04-03,76.301,78.609,73.414,74.778,1654500,0.0,0.0
2020-04-06,78.487,82.346,77.656,81.328,2026900,0.0,0.0
2020-04-07,84.187,86.476,81.898,82.384,1527100,0.0,0.0
2020-04-08,82.178,83.383,80.861,82.103,1740900,0.0,0.0
2020-04-09,83.813,88.121,83.374,85.589,1281600,0.0,0.0
2020-04-13,84.729,85.383,82.057,83.916,1051900,0.0,0.0
2020-04-14,85.617,86.598,84.888,86.084,1026900,0.0,0.0
2020-04-15,83.58,84.636,80.842,81.029,1121000,0.0,0.0
2020-04-16,81.122,81.496,79.095,80.141,1910800,0.0,0.0
2020-04-17,82.655,85.663,81.038,84.009,2561700,0.0,0.0
2020-04-20,80.421,81.991,78.487,79.44,1401000,0.0,0.0
2020-04-21,78.599,78.618,74.731,75.217,1932600,0.0,0.0
2020-04-22,76.497,77.039,75.404,76.469,1554800,0.0,0.0
2020-04-23,77.815,79.207,76.88,78.198,1878200,0.0,0.0
2020-04-24,78.674,79.039,77.291,78.515,1215200,0.0,0.0
2020-04-27,78.889,80.898,78.842,80.702,1547900,0.0,0.0
2020-04-28,82.029,83.682,81.178,81.888,1948700,0.0,0.0
2020-04-29,84.084,85.103,83.084,84.411,1125100,0.0,0.0
2020-04-30,82.898,83.505,81.431,81.683,1215500,0.0,0.0
2020-05-01,80.281,81.262,79.431,81.113,960100,0.0,0.0
2020-05-04,80.45,80.45,78.992,79.562,1158000,0.0,0.0
2020-05-05,73.769,78.216,72.881,76.768,3443100,0.0,0.0
2020-05-06,77.002,77.03,74.507,74.582,1712500,0.0,0.0
2020-05-07,75.469,76.992,75.292,75.712,1820600,0.0,0.0
2020-05-08,77.422,79.188,77.132,78.852,1238700,0.0,0.0
2020-05-11,77.899,78.011,75.581,75.666,1164600,0.0,0.0
2020-05-12,75.852,76.329,71.19,71.722,1795400,0.0,0.0
2020-05-13,71.339,71.881,69.396,71.62,4146700,0.0,0.0
2020-05-14,70.069,73.741,68.891,73.18,2589600,0.0,0.0
2020-05-15,72.442,73.554,71.414,72.143,1994000,0.0,0.0
2020-05-18,74.404,76.357,74.395,76.049,1598200,0.0,0.0
2020-05-19,76.235,77.581,75.068,75.133,1479100,0.0,0.0
2020-05-20,76.161,76.441,74.376,74.516,1443600,0.0,0.0
2020-05-21,74.245,76.591,74.245,76.021,1361400,0.0,0.0
2020-05-22,76.88,78.16,75.852,77.889,1236100,0.0,0.0
2020-05-26,80.216,83.337,80.216,83.094,1756600,0.0,0.0
2020-05-27,83.767,86.074,83.767,84.972,1823500,0.0,0.0
2020-05-28,85.598,86.074,83.953,84.374,1180900,0.0,0.0
2020-05-29,83.636,84.533,82.898,84.29,1630300,0.0,0.0
2020-06-01,84.047,85.934,83.44,84.495,1387000,0.0,0.0
2020-06-02,84.794,85.906,84.28,85.439,1362100,0.0,0.0
2020-06-03,86.028,88.635,85.972,88.139,1330300,0.0,0.0
2020-06-04,87.04,89.981,87.04,89.774,1930400,0.53,0.0
2020-06-05,93.026,97.395,92.546,95.854,2187800,0.0,0.0
2020-06-08,94.848,97.348,92.678,93.016,2250800,0.0,0.0
2020-06-09,91.86,92.236,90.066,91.579,1169700,0.0,0.0
2020-06-10,90.893,92.208,88.807,88.882,1464400,0.0,0.0
2020-06-11,85.894,86.354,84.296,84.353,1170300,0.0,0.0
2020-06-12,87.021,87.237,82.314,84.935,1311400,0.0,0.0
2020-06-15,82.295,85.95,81.947,85.18,1489800,0.0,0.0
2020-06-16,87.989,89.173,84.992,86.147,1118900,0.0,0.0
2020-06-17,86.448,87.04,84.851,86.307,1149800,0.0,0.0
2020-06-18,85.959,86.053,84.24,84.634,948300,0.0,0.0
2020-06-19,86.523,86.598,83.742,83.902,2392600,0.0,0.0
2020-06-22,83.667,85.546,82.614,84.738,1108800,0.0,0.0
2020-06-23,85.771,85.922,84.418,84.653,882100,0.0,0.0
2020-06-24,84.804,85.349,80.791,80.848,1744600,0.0,0.0
2020-06-25,80.641,80.744,79.091,80.622,3400700,0.0,0.0
2020-06-26,80.754,81.242,79.213,79.532,7495100,0.0,0.0
2020-06-29,80.397,83.845,80.265,83.808,1827800,0.0,0.0
2020-06-30,83.206,84.165,82.689,83.61,1442700,0.0,0.0
2020-07-01,84.099,85.048,82.887,83.498,1391700,0.0,0.0
2020-07-02,85.104,86.467,84.606,85.067,1526500,0.0,0.0
2020-07-06,86.448,87.388,85.649,86.955,1363200,0.0,0.0
2020-07-07,86.486,87.134,85.724,85.894,1584100,0.0,0.0
2020-07-08,86.448,87.096,85.621,86.57,1359700,0.0,0.0
2020-07-09,86.354,86.692,84.174,84.841,1578900,0.0,0.0
2020-07-10,84.954,86.157,84.343,86.11,1209200,0.0,0.0
2020-07-13,86.561,88.177,85.273,86.533,1466700,0.0,0.0
2020-07-14,86.852,91.663,86.006,91.644,2161400,0.0,0.0
2020-07-15,93.89,95.572,93.712,94.839,2434000,0.0,0.0
2020-07-16,94.877,97.151,93.993,95.788,1553100,0.0,0.0
2020-07-17,95.901,96.549,95.262,96.267,3455800,0.0,0.0
2020-07-20,95.845,97.583,95.619,97.141,1377400,0.0,0.0
2020-07-21,98.335,99.359,97.611,99.086,2259800,0.0,0.0
2020-07-22,98.992,99.988,98.664,99.8,1524900,0.0,0.0
2020-07-23,99.368,100.167,98.654,99.058,1381900,0.0,0.0
2020-07-24,99.115,99.34,96.812,97.498,1006900,0.0,0.0
2020-07-27,97.386,98.57,96.089,98.241,1159600,0.0,0.0
2020-07-28,97.63,98.757,97.198,97.451,1361100,0.0,0.0
2020-07-29,109.939,109.939,103.728,103.803,2376700,0.0,0.0
2020-07-30,102.422,105.438,102.065,104.17,2037800,0.0,0.0
2020-07-31,104.02,105.326,102.525,105.119,1273500,0.0,0.0
2020-08-03,104.95,105.918,104.79,105.42,1303000,0.0,0.0
2020-08-04,104.79,105.551,103.493,105.504,1208000,0.0,0.0
2020-08-05,106.181,108.802,106.181,108.201,1283700,0.0,0.0
2020-08-06,107.665,108.981,106.453,108.52,1150200,0.0,0.0
2020-08-07,108.84,110.052,108.812,109.798,1057500,0.0,0.0
2020-08-10,109.723,111.866,109.676,111.678,1278700,0.0,0.0
2020-08-11,112.993,114.553,112.063,112.57,1411600,0.0,0.0
2020-08-12,113.04,114.816,112.307,112.946,1012400,0.0,0.0
2020-08-13,112.373,112.74,111.114,111.227,1100100,0.0,0.0
2020-08-14,110.663,112.232,110.202,111.706,1373900,0.0,0.0
2020-08-17,111.753,112.298,110.794,112.157,1708300,0.0,0.0
2020-08-18,112.025,112.467,110.851,110.907,810300,0.0,0.0
2020-08-19,110.888,111.988,110.09,110.315,759300,0.0,0.0
2020-08-20,109.526,110.353,108.887,109.018,794700,0.0,0.0
2020-08-21,109.235,110.578,108.765,110.475,986300,0.0,0.0
2020-08-24,111.283,111.828,110.606,111.743,737600,0.0,0.0
2020-08-25,112.373,112.373,110.466,111.311,577800,0.0,0.0
2020-08-26,112.025,113.115,111.321,112.833,781600,0.0,0.0
2020-08-27,113.538,113.736,111.734,111.743,805300,0.0,0.0
2020-08-28,111.903,113.068,111.245,113.04,711800,0.0,0.0
2020-08-31,112.664,112.88,111.142,111.245,929600,0.0,0.0
2020-09-01,110.531,113.059,109.977,112.946,788800,0.0,0.0
2020-09-02,112.946,115.511,112.533,115.004,786300,0.0,0.0
2020-09-03,115.117,115.57,110.55,111.484,908100,0.53,0.0
2020-09-04,112.541,113.06,109.549,111.144,813400,0.0,0.0
2020-09-08,110.229,111.305,108.87,109.653,1173300,0.0,0.0
2020-09-09,110.521,112.579,110.38,110.484,1117400,0.0,0.0
2020-09-10,111.276,111.493,108.794,109.106,816300,0.0,0.0
2020-09-11,109.483,111.371,109.351,110.408,727200,0.0,0.0
2020-09-14,111.503,112.937,110.965,112.296,894800,0.0,0.0
2020-09-15,113.154,114.504,112.569,114.4,1180500,0.0,0.0
2020-09-16,115.136,116.816,114.117,115.146,1008600,0.0,0.0
2020-09-17,113.721,118.043,112.682,117.845,1518900,0.0,0.0
2020-09-18,117.873,118.911,115.825,116.042,1827300,0.0,0.0
2020-09-21,114.089,114.089,110.757,113.324,1114900,0.0,0.0
2020-09-22,113.409,114.947,113.192,114.683,853200,0.0,0.0
2020-09-23,114.504,115.504,111.975,112.107,859700,0.0,0.0
2020-09-24,111.71,113.806,110.795,112.305,1049000,0.0,0.0
2020-09-25,111.314,112.89,110.54,112.22,989500,0.0,0.0
2020-09-28,114.164,115.938,113.428,114.674,1354600,0.0,0.0
2020-09-29,114.91,115.495,114.06,114.4,571500,0.0,0.0
2020-09-30,114.91,116.505,113.588,114.428,883900,0.0,0.0
2020-10-01,116.137,116.552,114.447,115.089,1003600,0.0,0.0
2020-10-02,113.947,117.892,113.324,116.892,1183300,0.0,0.0
2020-10-05,118.402,121.025,117.967,119.789,817500,0.0,0.0
2020-10-06,120.44,121.695,119.109,119.468,1154800,0.0,0.0
2020-10-07,120.789,122.667,120.204,120.742,766600,0.0,0.0
2020-10-08,121.591,122.535,120.77,122.497,1052900,0.0,0.0
2020-10-09,122.686,124.121,121.639,121.856,807900,0.0,0.0
2020-10-12,123.139,124.706,122.545,124.536,598800,0.0,0.0
2020-10-13,123.403,124.819,121.365,121.978,881100,0.0,0.0
2020-10-14,122.931,123.309,121.421,122.875,913400,0.0,0.0
2020-10-15,121.488,124.121,121.488,123.29,754900,0.0,0.0
2020-10-16,123.62,124.583,123.29,123.828,686500,0.0,0.0
2020-10-19,123.837,124.772,120.27,120.327,1310300,0.0,0.0
2020-10-20,121.355,123.347,120.799,121.488,869200,0.0,0.0
2020-10-21,121.195,123.026,121.195,121.62,1048300,0.0,0.0
2020-10-22,122.205,123.441,121.525,123.12,694000,0.0,0.0
2020-10-23,123.96,124.196,121.686,121.95,1075700,0.0,0.0
2020-10-26,119.591,120.515,118.128,119.053,1191500,0.0,0.0
2020-10-27,119.459,119.543,116.155,116.722,1829200,0.0,0.0
2020-10-28,116.363,123.139,116.363,120.648,1832500,0.0,0.0
2020-10-29,120.657,126.338,119.949,124.621,1740500,0.0,0.0
2020-10-30,124.894,128.254,122.998,125.281,1596200,0.0,0.0
2020-11-02,127.527,129.821,126.508,129.811,1112900,0.0,0.0
2020-11-03,131.01,134.36,130.085,133.313,1228700,0.0,0.0
2020-11-04,132.558,132.558,127.509,129.557,1442800,0.0,0.0
2020-11-05,132.123,135.408,132.057,133.18,965000,0.0,0.0
2020-11-06,133.388,136.974,132.727,136.2,1173000,0.0,0.0
2020-11-09,141.778,145.072,137.408,137.475,1448100,0.0,0.0
2020-11-10,136.719,139.579,135.21,135.502,2066600,0.0,0.0
2020-11-11,133.803,135.342,131.831,134.917,2039100,0.0,0.0
2020-11-12,133.426,135.993,132.558,135.323,1449100,0.0,0.0
2020-11-13,138.343,140.768,137.597,139.664,1037200,0.0,0.0
2020-11-16,143.873,144.335,138.871,143.864,1861300,0.0,0.0
2020-11-17,142.467,143.911,138.598,140.419,1444300,0.0,0.0
2020-11-18,140.192,140.523,136.04,136.314,2014700,0.0,0.0
2020-11-19,135.946,139.135,134.672,138.531,1106200,0.0,0.0
2020-11-20,137.352,138.296,135.691,136.087,1115000,0.0,0.0
2020-11-23,137.003,139.23,136.786,137.71,704600,0.0,0.0
2020-11-24,138.277,139.739,137.069,138.796,1751600,0.0,0.0
2020-11-25,138.484,138.749,135.672,136.814,1308900,0.0,0.0
2020-11-27,138.05,138.399,135.257,135.427,905900,0.0,0.0
2020-11-30,135.153,138.088,133.766,138.012,2777800,0.0,0.0
2020-12-01,138.805,139.919,137.031,137.503,1919100,0.0,0.0
2020-12-02,136.012,137.456,135.313,136.219,1348600,0.0,0.0
2020-12-03,136.646,136.674,134.069,134.24,1733800,0.53,0.0
2020-12-04,134.098,135.717,133.775,134.363,1305500,0.0,0.0
2020-12-07,134.344,135.168,132.762,133.671,1076400,0.0,0.0
2020-12-08,134.116,134.609,132.43,132.573,1065000,0.0,0.0
2020-12-09,133.88,134.751,132.449,133.605,1267900,0.0,0.0
2020-12-10,132.43,133.823,131.218,131.872,995300,0.0,0.0
2020-12-11,131.0,132.61,130.138,132.554,1096200,0.0,0.0
2020-12-14,133.416,134.221,129.845,130.441,1803500,0.0,0.0
2020-12-15,132.127,133.217,131.104,132.97,1497100,0.0,0.0
2020-12-16,133.794,134.391,131.085,131.256,1109600,0.0,0.0
2020-12-17,131.853,134.202,131.436,133.529,1644300,0.0,0.0
2020-12-18,134.429,135.462,132.355,133.614,2150400,0.0,0.0
2020-12-21,131.976,135.831,131.853,134.647,1243000,0.0,0.0
2020-12-22,134.836,136.57,133.614,135.452,1073100,0.0,0.0
2020-12-23,135.414,136.541,134.59,134.978,857900,0.0,0.0
2020-12-24,135.414,136.702,135.414,136.077,292000,0.0,0.0
2020-12-28,137.157,137.991,136.503,136.589,615500,0.0,0.0
2020-12-29,137.82,138.843,134.031,135.357,666500,0.0,0.0
2020-12-30,135.357,137.886,135.357,137.186,658600,0.0,0.0
2020-12-31,137.11,137.669,136.21,137.498,738800,0.0,0.0
2021-01-04,136.485,138.512,135.158,136.38,1262000,0.0,0.0
2021-01-05,136.447,138.521,136.314,138.152,1134400,0.0,0.0
2021-01-06,139.667,144.223,139.667,141.931,3425100,0.0,0.0
2021-01-07,145.597,146.279,142.471,145.606,1734100,0.0,0.0
2021-01-08,145.606,146.156,142.026,144.526,1062000,0.0,0.0
2021-01-11,142.234,145.398,142.168,144.214,860500,0.0,0.0
2021-01-12,144.223,144.725,142.225,143.92,1024100,0.0,0.0
2021-01-13,143.305,143.807,141.675,142.982,1067000,0.0,0.0
2021-01-14,143.02,144.507,142.329,142.793,731500,0.0,0.0
2021-01-15,142.793,142.793,139.288,141.618,1252400,0.0,0.0
2021-01-19,142.234,147.112,142.234,145.388,1701300,0.0,0.0
2021-01-20,145.417,147.567,144.612,147.046,1136200,0.0,0.0
2021-01-21,147.472,148.022,145.616,146.288,952900,0.0,0.0
2021-01-22,145.398,146.279,143.03,144.612,1091300,0.0,0.0
2021-01-25,144.46,144.934,139.582,142.954,1021800,0.0,0.0
2021-01-26,143.645,143.645,139.724,140.084,1468600,0.0,0.0
2021-01-27,137.299,137.896,130.697,131.502,1721600,0.0,0.0
2021-01-28,134.06,136.57,132.194,135.263,2342700,0.0,0.0
2021-01-29,134.287,137.621,133.596,135.784,1837200,0.0,0.0
2021-02-01,137.214,137.744,134.903,135.215,1593300,0.0,0.0
2021-02-02,136.92,138.919,136.371,137.337,1148600,0.0,0.0
2021-02-03,136.873,139.118,136.485,138.654,1249300,0.0,0.0
2021-02-04,139.535,141.694,138.786,140.984,1698400,0.0,0.0
2021-02-05,139.904,144.261,139.317,141.467,2031600,0.0,0.0
2021-02-08,143.248,143.248,138.171,141.116,1519800,0.0,0.0
2021-02-09,139.904,140.719,137.583,138.019,1004600,0.0,0.0
2021-02-10,139.222,141.344,137.138,140.501,935900,0.0,0.0
2021-02-11,140.69,143.001,140.69,142.907,1140700,0.0,0.0
2021-02-12,142.12,143.447,140.984,142.963,659300,0.0,0.0
2021-02-16,142.935,144.346,141.296,143.295,1104600,0.0,0.0
2021-02-17,142.585,143.892,141.77,143.314,772400,0.0,0.0
2021-02-18,142.973,143.361,139.771,141.609,1000000,0.0,0.0
2021-02-19,142.547,146.032,142.177,145.834,917200,0.0,0.0
2021-02-22,145.445,147.415,144.413,144.82,1322200,0.0,0.0
2021-02-23,145.265,145.417,141.827,145.114,1068400,0.0,0.0
2021-02-24,144.403,148.249,143.939,147.15,1075600,0.0,0.0
2021-02-25,145.871,147.681,143.835,144.432,905900,0.0,0.0
2021-02-26,145.417,147.16,144.346,145.152,1296300,0.0,0.0
2021-03-01,147.207,152.502,147.207,150.106,1308400,0.0,0.0
2021-03-02,150.522,150.522,147.614,149.812,1180700,0.0,0.0
2021-03-03,150.058,151.062,148.723,149.187,950600,0.0,0.0
2021-03-04,148.949,150.157,143.853,145.849,1416800,0.59,0.0
2021-03-05,147.513,153.151,146.572,152.524,1080900,0.0,0.0
2021-03-08,153.018,157.696,151.573,155.671,1256200,0.0,0.0
2021-03-09,156.536,157.135,152.543,152.581,837300,0.0,0.0
2021-03-10,152.315,157.316,151.972,155.386,1070400,0.0,0.0
2021-03-11,156.108,156.783,154.349,154.92,968600,0.0,0.0
2021-03-12,155.405,155.994,154.159,155.624,1111200,0.0,0.0
2021-03-15,155.757,159.845,155.443,159.721,1023400,0.0,0.0
2021-03-16,159.113,160.805,158.067,158.942,1131200,0.0,0.0
2021-03-17,159.493,159.921,156.223,157.791,1198600,0.0,0.0
2021-03-18,157.801,160.52,156.936,159.293,1012400,0.0,0.0
2021-03-19,158.847,159.122,155.985,156.023,3343600,0.0,0.0
2021-03-22,154.445,156.65,153.617,156.213,923800,0.0,0.0
2021-03-23,154.492,155.557,151.716,152.438,1014000,0.0,0.0
2021-03-24,153.437,155.091,152.762,153.275,1079500,0.0,0.0
2021-03-25,152.486,156.555,151.868,155.861,909100,0.0,0.0
2021-03-26,157.278,159.892,156.441,159.816,807400,0.0,0.0
2021-03-29,160.682,161.129,157.934,158.381,723800,0.0,0.0
2021-03-30,157.116,159.512,157.116,158.733,676200,0.0,0.0
2021-03-31,159.389,160.349,156.888,157.411,1102500,0.0,0.0
2021-04-01,158.618,158.618,156.004,157.297,958900,0.0,0.0
2021-04-05,158.59,159.883,157.858,159.208,850900,0.0,0.0
2021-04-06,160.463,160.995,159.217,159.389,622200,0.0,0.0
2021-04-07,158.98,160.197,157.744,158.305,593200,0.0,0.0
2021-04-08,157.287,158.97,156.612,158.381,656300,0.0,0.0
2021-04-09,159.769,161.271,158.324,161.205,821800,0.0,0.0
2021-04-12,160.301,162.545,160.14,162.212,803000,0.0,0.0
2021-04-13,162.25,162.83,160.301,162.384,800500,0.0,0.0
2021-04-14,161.509,163.591,160.853,161.024,916200,0.0,0.0
2021-04-15,161.794,162.346,160.368,162.117,642500,0.0,0.0
2021-04-16,163.372,163.971,162.307,163.496,858700,0.0,0.0
2021-04-19,164.219,164.295,162.412,163.8,887300,0.0,0.0
2021-04-20,162.051,163.23,158.267,159.921,976200,0.0,0.0
2021-04-21,160.691,162.46,159.769,162.108,770100,0.0,0.0
2021-04-22,163.524,165.768,163.087,163.486,893000,0.0,0.0
2021-04-23,163.382,166.814,163.306,166.7,1057000,0.0,0.0
2021-04-26,167.432,168.478,163.99,164.323,770300,0.0,0.0
2021-04-27,164.57,165.949,163.097,165.245,992900,0.0,0.0
2021-04-28,165.892,166.653,164.618,165.778,560300,0.0,0.0
2021-04-29,166.187,167.337,165.417,166.947,600300,0.0,0.0
2021-04-30,166.158,166.852,164.513,165.274,1288100,0.0,0.0
2021-05-03,166.691,167.09,164.941,166.149,675600,0.0,0.0
2021-05-04,165.569,166.595,164.304,166.12,971000,0.0,0.0
2021-05-05,166.567,171.235,166.567,169.923,1680300,0.0,0.0
2021-05-06,171.292,172.975,170.009,172.966,988100,0.0,0.0
2021-05-07,172.253,174.867,171.15,174.639,1049600,0.0,0.0
2021-05-10,175.447,178.727,174.953,177.472,1174400,0.0,0.0
2021-05-11,174.477,175.58,172.119,173.755,1228400,0.0,0.0
2021-05-12,173.451,173.717,169.305,169.828,1245900,0.0,0.0
2021-05-13,169.381,174.097,169.381,173.146,910700,0.0,0.0
2021-05-14,175.143,176.227,173.964,175.133,829800,0.0,0.0
2021-05-17,174.943,175.866,173.004,174.506,745800,0.0,0.0
2021-05-18,174.82,174.82,170.275,170.418,1135500,0.0,0.0
2021-05-19,168.659,169.819,165.483,169.59,1321400,0.0,0.0
2021-05-20,170.18,172.243,169.21,171.568,810200,0.0,0.0
2021-05-21,172.528,174.344,172.224,173.127,688300,0.0,0.0
2021-05-24,174.401,174.611,172.757,173.137,773800,0.0,0.0
2021-05-25,173.137,174.905,172.89,173.612,817300,0.0,0.0
2021-05-26,173.983,174.611,172.823,174.515,921000,0.0,0.0
2021-05-27,176.398,176.864,174.725,176.655,1116700,0.0,0.0
2021-05-28,177.663,177.796,176.103,177.225,1039500,0.0,0.0
2021-06-01,179.174,180.581,177.045,178.309,978800,0.0,0.0
2021-06-02,177.52,178.423,175.694,175.999,779000,0.0,0.0
2021-06-03,175.312,175.55,172.737,174.892,961800,0.59,0.0
2021-06-04,174.816,175.474,172.346,173.252,1280800,0.0,0.0
2021-06-07,173.595,174.425,172.651,173.662,1172500,0.0,0.0
2021-06-08,174.415,175.608,173.07,175.407,930800,0.0,0.0
2021-06-09,174.787,175.283,173.023,173.872,952600,0.0,0.0
2021-06-10,175.073,176.409,173.996,175.207,1040300,0.0,0.0
2021-06-11,175.989,176.714,175.035,176.676,973400,0.0,0.0
2021-06-14,176.151,176.628,173.08,174.177,1046400,0.0,0.0
2021-06-15,174.606,176.447,174.425,175.751,946700,0.0,0.0
2021-06-16,175.007,175.436,172.832,173.929,958700,0.0,0.0
2021-06-17,174.034,174.892,168.721,171.687,1217200,0.0,0.0
2021-06-18,168.969,170.219,164.133,165.402,3125300,0.0,0.0
2021-06-21,167.023,171.621,166.747,171.268,1225900,0.0,0.0
2021-06-22,171.993,172.842,170.667,171.802,877100,0.0,0.0
2021-06-23,172.441,172.555,171.029,171.43,846300,0.0,0.0
2021-06-24,172.346,172.384,170.829,171.535,927800,0.0,0.0
2021-06-25,171.726,174.206,169.684,171.687,4609000,0.0,0.0
2021-06-28,172.994,174.721,171.878,174.301,1088100,0.0,0.0
2021-06-29,175.894,178.259,174.196,174.387,1014900,0.0,0.0
2021-06-30,173.948,176.132,173.433,175.636,1096400,0.0,0.0
2021-07-01,176.695,177.773,175.941,177.601,988600,0.0,0.0
2021-07-02,177.382,179.051,177.201,178.65,735800,0.0,0.0
2021-07-06,179.709,179.709,174.558,176.437,1545600,0.0,0.0
2021-07-07,176.104,180.987,176.104,180.892,1040200,0.0,0.0
2021-07-08,177.887,179.957,177.134,178.593,1179100,0.0,0.0
2021-07-09,180.396,182.16,180.205,181.531,1138900,0.0,0.0
2021-07-12,181.493,184.326,180.548,183.868,937700,0.0,0.0
2021-07-13,183.343,183.858,181.931,182.361,898300,0.0,0.0
2021-07-14,183.19,184.306,181.722,182.122,931600,0.0,0.0
2021-07-15,181.14,183.601,181.14,183.314,905000,0.0,0.0
2021-07-16,184.45,184.726,182.904,183.381,1090700,0.0,0.0
2021-07-19,180.539,181.731,179.385,180.892,1104800,0.0,0.0
2021-07-20,181.159,188.312,180.911,187.406,1335000,0.0,0.0
2021-07-21,188.379,189.762,188.026,189.495,730500,0.0,0.0
2021-07-22,190.459,190.716,188.417,189.476,768100,0.0,0.0
2021-07-23,190.764,192.872,190.449,192.147,765500,0.0,0.0
2021-07-26,191.622,192.166,189.505,190.525,797800,0.0,0.0
2021-07-27,189.438,192.643,189.104,191.498,936200,0.0,0.0
2021-07-28,191.441,192.538,189.047,189.076,1214000,0.0,0.0
2021-07-29,190.869,193.597,189.829,193.253,1225500,0.0,0.0
2021-07-30,192.309,194.35,191.107,194.207,1043200,0.0,0.0
2021-08-02,194.579,196.372,191.775,191.88,1045200,0.0,0.0
2021-08-03,193.11,197.498,191.937,197.021,1192100,0.0,0.0
2021-08-04,190.764,193.291,188.627,191.031,1346300,0.0,0.0
2021-08-05,192.004,192.824,186.109,186.405,1443400,0.0,0.0
2021-08-06,187.282,188.78,185.718,187.902,825600,0.0,0.0
2021-08-09,184.078,186.033,183.305,184.946,1808600,0.0,0.0
2021-08-10,184.726,184.946,182.246,183.343,1592900,0.0,0.0
2021-08-11,184.573,185.022,183.028,184.402,1056000,0.0,0.0
2021-08-12,184.85,185.184,182.122,182.952,884900,0.0,0.0
2021-08-13,183.133,183.515,181.292,182.351,741900,0.0,0.0
2021-08-16,181.922,186.243,181.063,186.185,832400,0.0,0.0
2021-08-17,184.669,184.993,182.265,184.688,839800,0.0,0.0
2021-08-18,183.83,185.68,183.391,183.419,1022100,0.0,0.0
2021-08-19,181.512,186.252,180.987,184.993,808500,0.0,0.0
2021-08-20,185.241,185.718,183.763,184.478,815800,0.0,0.0
2021-08-23,186.033,186.357,183.992,185.499,647800,0.0,0.0
2021-08-24,185.67,187.788,185.575,187.511,641100,0.0,0.0
2021-08-25,188.312,192.385,188.055,190.239,1383500,0.0,0.0
2021-08-26,189.81,190.859,188.799,190.039,645300,0.0,0.0
2021-08-27,191.384,191.908,189.552,189.6,920700,0.0,0.0
2021-08-30,190.344,191.66,189.362,190.802,640100,0.0,0.0
2021-08-31,190.859,191.079,188.999,189.333,1181300,0.0,0.0
2021-09-01,189.667,189.667,187.616,188.742,930300,0.0,0.0
2021-09-02,190.091,192.358,189.526,192.339,865500,0.59,0.0
2021-09-03,192.042,192.597,190.703,191.277,561500,0.0,0.0
2021-09-07,189.564,190.215,184.781,185.03,1041100,0.0,0.0
2021-09-08,184.303,185.633,182.849,185.059,799400,0.0,0.0
2021-09-09,185.594,186.436,181.691,181.93,1054700,0.0,0.0
2021-09-10,183.442,183.69,181.681,181.835,1041000,0.0,0.0
2021-09-13,183.652,183.891,179.682,180.591,902100,0.0,0.0
2021-09-14,180.132,181.634,175.31,175.779,1369500,0.0,0.0
2021-09-15,174.966,180.122,174.726,178.869,1421600,0.0,0.0
2021-09-16,178.276,178.735,177.214,177.577,883500,0.0,0.0
2021-09-17,175.597,176.946,174.344,175.836,4398100,0.0,0.0
2021-09-20,173.311,175.195,172.344,175.138,1380900,0.0,0.0
2021-09-21,175.788,176.334,173.071,173.645,939100,0.0,0.0
2021-09-22,173.445,175.741,173.445,174.468,1085800,0.0,0.0
2021-09-23,175.884,179.156,175.75,178.027,1492500,0.0,0.0
2021-09-24,177.577,178.63,175.061,175.301,957500,0.0,0.0
2021-09-27,174.306,174.86,170.536,171.608,1350700,0.0,0.0
2021-09-28,171.148,171.464,168.412,168.728,1196500,0.0,0.0
2021-09-29,169.455,170.001,168.479,168.766,795400,0.0,0.0
2021-09-30,169.991,170.154,165.15,165.169,1532500,0.0,0.0
2021-10-01,166.03,168.307,164.662,167.169,1217000,0.0,0.0
2021-10-04,166.537,168.097,164.777,167.379,1354000,0.0,0.0
2021-10-05,167.599,171.072,166.49,169.752,1193800,0.0,0.0
2021-10-06,167.417,169.379,166.336,169.245,902000,0.0,0.0
2021-10-07,170.775,171.244,168.958,169.532,1273000,0.0,0.0
2021-10-08,168.001,168.747,164.327,164.567,1177600,0.0,0.0
2021-10-11,163.907,164.528,162.443,162.634,1159800,0.0,0.0
2021-10-12,163.275,163.294,161.314,162.28,1263500,0.0,0.0
2021-10-13,163.332,164.366,161.993,163.237,1060300,0.0,0.0
2021-10-14,164.595,167.523,164.27,167.484,1025900,0.0,0.0
2021-10-15,168.747,169.312,166.365,166.461,922100,0.0,0.0
2021-10-18,165.255,168.642,164.911,168.049,850500,0.0,0.0
2021-10-19,169.819,169.981,167.37,167.963,937100,0.0,0.0
2021-10-20,168.613,170.125,167.159,168.862,947500,0.0,0.0
2021-10-21,168.719,173.397,168.068,173.301,1349800,0.0,0.0
2021-10-22,174.114,175.243,173.282,173.311,1322800,0.0,0.0
2021-10-25,172.0,174.085,169.379,172.268,857500,0.0,0.0
2021-10-26,172.813,173.272,171.436,172.258,886800,0.0,0.0
2021-10-27,172.258,174.219,169.503,170.154,806100,0.0,0.0
2021-10-28,170.9,173.952,170.134,173.875,697000,0.0,0.0
2021-10-29,173.014,174.631,172.354,173.091,994100,0.0,0.0
2021-11-01,173.578,175.205,171.847,173.473,1078400,0.0,0.0
2021-11-02,174.038,176.123,173.215,175.071,1047900,0.0,0.0
2021-11-03,176.2,176.2,167.848,170.603,1807600,0.0,0.0
2021-11-04,171.445,174.449,171.129,173.062,1452600,0.0,0.0
2021-11-05,174.353,177.788,174.086,176.688,1503200,0.0,0.0
2021-11-08,178.132,179.462,176.582,179.185,1382800,0.0,0.0
2021-11-09,178.783,181.844,178.601,181.327,1459300,0.0,0.0
2021-11-10,180.266,182.456,179.864,181.241,1230100,0.0,0.0
2021-11-11,182.074,182.456,179.529,180.495,837000,0.0,0.0
2021-11-12,181.968,184.59,180.476,184.551,1069500,0.0,0.0
2021-11-15,183.901,185.097,181.94,182.858,949200,0.0,0.0
2021-11-16,183.317,186.551,182.724,185.24,942600,0.0,0.0
2021-11-17,185.814,186.187,183.738,185.613,1124000,0.0,0.0
2021-11-18,186.551,186.886,184.819,185.202,1038800,0.0,0.0
2021-11-19,185.049,187.775,183.824,187.498,1513600,0.0,0.0
2021-11-22,188.761,190.167,187.603,187.603,1337700,0.0,0.0
2021-11-23,187.115,189.631,185.958,187.096,1510600,0.0,0.0
2021-11-24,186.082,187.527,184.389,187.01,1834500,0.0,0.0
2021-11-26,184.542,187.699,183.901,185.833,1270200,0.0,0.0
2021-11-29,187.986,187.986,183.71,184.571,1320500,0.0,0.0
2021-11-30,183.566,184.552,177.941,178.563,2558400,0.0,0.0
2021-12-01,180.974,184.8,177.195,177.405,1691900,0.0,0.0
2021-12-02,178.893,184.056,178.231,182.885,1482900,0.59,0.0
2021-12-03,183.941,185.812,181.849,185.515,1270700,0.0,0.0
2021-12-06,187.146,188.106,185.39,185.745,1256900,0.0,0.0
2021-12-07,187.002,191.561,187.002,190.736,1277800,0.0,0.0
2021-12-08,190.669,193.452,190.323,193.356,1303700,0.0,0.0
2021-12-09,193.5,194.459,192.089,193.529,1101000,0.0,0.0
2021-12-10,193.634,194.623,192.118,194.527,1027400,0.0,0.0
2021-12-13,194.824,195.774,193.202,194.095,1227800,0.0,0.0
2021-12-14,191.907,194.469,189.488,191.753,1576000,0.0,0.0
2021-12-15,192.588,193.692,190.525,193.653,1265600,0.0,0.0
2021-12-16,195.304,196.005,192.636,194.018,938900,0.0,0.0
2021-12-17,193.471,193.529,185.793,186.513,2230900,0.0,0.0
2021-12-20,184.958,186.475,181.503,184.085,959600,0.0,0.0
2021-12-21,185.88,187.521,184.306,186.599,846000,0.0,0.0
2021-12-22,187.041,188.912,186.715,188.288,611200,0.0,0.0
2021-12-23,188.912,190.736,188.864,189.354,746300,0.0,0.0
2021-12-27,190.544,192.195,189.738,192.003,487800,0.0,0.0
2021-12-28,192.751,193.884,192.137,193.356,490900,0.0,0.0
2021-12-29,193.029,195.15,193.029,194.354,508100,0.0,0.0
2021-12-30,194.853,195.083,192.425,192.732,657600,0.0,0.0
2021-12-31,192.367,194.68,192.204,193.893,521900,0.0,0.0
2022-01-03,192.31,193.529,186.398,187.002,1227000,0.0,0.0
2022-01-04,187.185,188.452,185.995,187.146,1723400,0.0,0.0
2022-01-05,187.559,188.73,184.603,184.91,1355500,0.0,0.0
2022-01-06,185.227,188.893,184.949,187.175,1360000,0.0,0.0
2022-01-07,186.916,187.454,181.542,181.647,1112000,0.0,0.0
2022-01-10,179.392,182.655,176.801,182.482,1906700,0.0,0.0
2022-01-11,183.317,186.801,182.53,185.688,1444000,0.0,0.0
2022-01-12,187.146,188.058,184.296,187.377,1364500,0.0,0.0
2022-01-13,187.089,189.152,180.035,180.428,1507900,0.0,0.0
2022-01-14,177.866,178.566,172.271,172.75,2406700,0.0,0.0
2022-01-18,170.514,173.787,168.892,171.244,2341800,0.0,0.0
2022-01-19,171.992,173.585,168.576,168.624,1922400,0.0,0.0
2022-01-20,170.121,173.365,166.695,166.752,2500200,0.0,0.0
2022-01-21,167.818,170.38,166.023,167.933,3535600,0.0,0.0
2022-01-24,164.084,169.526,162.059,169.152,1981000,0.0,0.0
2022-01-25,166.474,167.798,162.232,165.975,1415400,0.0,0.0
2022-01-26,166.781,169.91,163.911,165.591,1515600,0.0,0.0
2022-01-27,166.915,168.739,161.502,162.385,1590000,0.0,0.0
2022-01-28,162.318,165.274,159.65,165.236,1797000,0.0,0.0
2022-01-31,164.439,167.079,160.044,166.128,1834300,0.0,0.0
2022-02-01,166.887,166.887,158.614,160.447,2740700,0.0,0.0
2022-02-02,161.339,163.153,157.548,158.307,2756000,0.0,0.0
2022-02-03,158.825,159.957,154.823,155.072,1864900,0.0,0.0
2022-02-04,154.305,155.159,150.351,152.347,2151600,0.0,0.0
2022-02-07,152.174,153.182,149.909,150.648,1891500,0.0,0.0
2022-02-08,152.26,154.161,150.811,152.654,1757500,0.0,0.0
2022-02-09,155.024,157.952,154.592,155.648,2167700,0.0,0.0
2022-02-10,152.116,155.504,149.16,149.871,1855600,0.0,0.0
2022-02-11,150.706,151.464,145.014,146.051,1643300,0.0,0.0
2022-02-14,145.59,146.915,143.584,145.35,1538800,0.0,0.0
2022-02-15,147.817,148.882,146.502,147.798,1395000,0.0,0.0
2022-02-16,146.934,148.172,146.061,146.483,1117400,0.0,0.0
2022-02-17,146.089,147.73,144.679,145.331,1667600,0.0,0.0
2022-02-18,144.544,147.692,144.544,146.195,2044500,0.0,0.0
2022-02-22,145.485,147.452,143.719,144.669,1533600,0.0,0.0
2022-02-23,145.686,145.686,142.519,142.97,1474900,0.0,0.0
2022-02-24,140.12,145.446,139.39,145.139,1841800,0.0,0.0
2022-02-25,145.389,148.604,144.4,148.498,1771300,0.0,0.0
2022-02-28,146.521,148.738,145.936,147.73,1865700,0.0,0.0
2022-03-01,148.172,148.335,143.834,145.936,1223900,0.0,0.0
2022-03-02,147.145,149.573,146.915,148.969,1576700,0.0,0.0
2022-03-03,150.569,151.022,148.197,149.508,1631200,0.67,0.0
2022-03-04,147.677,148.978,144.891,145.846,1200000,0.0,0.0
2022-03-07,145.817,146.308,139.243,139.32,2013500,0.0,0.0
2022-03-08,139.33,143.6,137.383,137.624,2018500,0.0,0.0
2022-03-09,141.151,146.781,140.698,145.518,2189900,0.0,0.0
2022-03-10,143.272,144.13,141.759,143.474,1092400,0.0,0.0
2022-03-11,145.566,147.012,143.349,143.455,1208000,0.0,0.0
2022-03-14,144.303,146.549,142.954,145.72,2352000,0.0,0.0
2022-03-15,146.482,147.474,144.853,146.79,1443800,0.0,0.0
2022-03-16,148.255,152.525,147.34,150.848,1588000,0.0,0.0
2022-03-17,149.402,152.39,149.036,151.745,1189000,0.0,0.0
2022-03-18,150.771,153.393,149.537,152.988,2002700,0.0,0.0
2022-03-21,152.294,152.969,149.46,150.684,1062800,0.0,0.0
2022-03-22,151.263,152.429,150.53,151.552,878700,0.0,0.0
2022-03-23,149.797,149.932,147.041,147.368,1180400,0.0,0.0
2022-03-24,148.13,149.2,147.214,149.142,925400,0.0,0.0
2022-03-25,149.248,151.311,148.477,149.961,1237900,0.0,0.0
2022-03-28,149.229,151.638,149.036,151.118,1364300,0.0,0.0
2022-03-29,153.807,155.002,151.619,152.535,1348200,0.0,0.0
2022-03-30,151.291,153.373,150.935,152.863,2165500,0.0,0.0
2022-03-31,152.14,152.795,147.166,147.185,1822200,0.0,0.0
2022-04-01,149.142,150.27,147.166,149.258,1336300,0.0,0.0
2022-04-04,147.812,148.814,146.568,148.39,786600,0.0,0.0
2022-04-05,147.205,149.373,146.0,149.161,2070100,0.0,0.0
2022-04-06,147.879,149.123,145.335,146.501,1378100,0.0,0.0
2022-04-07,144.641,148.197,144.583,146.867,1411600,0.0,0.0
2022-04-08,146.347,146.973,143.629,144.39,1014200,0.0,0.0
2022-04-11,143.455,144.467,141.942,142.52,1775900,0.0,0.0
2022-04-12,142.231,146.0,140.669,141.604,1422100,0.0,0.0
2022-04-13,141.691,144.332,141.691,143.609,1064000,0.0,0.0
2022-04-14,143.792,144.843,142.192,142.703,3455200,0.0,0.0
2022-04-18,142.703,143.523,140.014,140.689,724700,0.0,0.0
2022-04-19,141.267,144.448,141.084,144.323,951700,0.0,0.0
2022-04-20,145.768,150.212,145.431,148.959,1569900,0.0,0.0
2022-04-21,152.149,152.853,147.06,147.291,1754500,0.0,0.0
2022-04-22,146.597,146.617,143.204,143.513,1196300,0.0,0.0
2022-04-25,142.077,144.168,139.185,144.043,924000,0.0,0.0
2022-04-26,142.221,142.886,138.983,139.484,1063500,0.0,0.0
2022-04-27,138.636,141.749,138.481,139.445,1140500,0.0,0.0
2022-04-28,138.318,141.527,135.426,140.409,1568800,0.0,0.0
2022-04-29,139.368,140.641,134.308,134.838,1880400,0.0,0.0
2022-05-02,134.867,137.604,132.746,135.455,1548800,0.0,0.0
2022-05-03,135.426,136.756,133.72,134.462,2827200,0.0,0.0
2022-05-04,133.363,136.467,128.978,136.11,2391000,0.0,0.0
2022-05-05,135.166,136.496,130.626,131.753,1656900,0.0,0.0
2022-05-06,130.828,131.098,126.732,129.373,1496900,0.0,0.0
2022-05-09,127.782,131.551,126.269,129.671,1446500,0.0,0.0
2022-05-10,131.378,131.667,126.973,128.496,1417700,0.0,0.0
2022-05-11,128.447,130.375,126.308,126.433,1374700,0.0,0.0
2022-05-12,125.681,130.52,125.315,129.575,1780800,0.0,0.0
2022-05-13,130.481,133.325,130.481,132.997,1355400,0.0,0.0
2022-05-16,132.052,132.804,129.199,130.52,911900,0.0,0.0
2022-05-17,132.332,132.968,129.604,131.869,1408500,0.0,0.0
2022-05-18,129.006,130.587,125.054,125.411,1509900,0.0,0.0
2022-05-19,124.746,127.917,124.033,126.134,992100,0.0,0.0
2022-05-20,127.445,128.023,123.503,125.999,1407200,0.0,0.0
2022-05-23,127.888,127.888,123.917,126.761,1194500,0.0,0.0
2022-05-24,126.365,127.426,123.541,126.973,1024100,0.0,0.0
2022-05-25,126.356,129.864,125.883,129.064,1500300,0.0,0.0
2022-05-26,130.703,132.39,130.635,131.869,1025500,0.0,0.0
2022-05-27,133.228,135.493,132.766,135.426,989400,0.0,0.0
2022-05-31,133.633,134.038,131.59,133.074,2507900,0.0,0.0
2022-06-01,133.431,133.835,130.317,131.416,1280200,0.0,0.0
2022-06-02,132.627,135.175,131.852,134.981,950400,0.67,0.0
2022-06-03,133.722,134.671,133.189,134.099,689300,0.0,0.0
2022-06-06,134.506,135.349,133.528,133.906,1123400,0.0,0.0
2022-06-07,132.821,135.552,132.123,135.368,873900,0.0,0.0
2022-06-08,134.293,135.339,133.15,133.547,746900,0.0,0.0
2022-06-09,132.763,133.663,129.876,130.079,1305400,0.0,0.0
2022-06-10,127.716,127.871,125.023,126.127,923400,0.0,0.0
2022-06-13,123.657,125.469,122.737,123.609,1342500,0.0,0.0
2022-06-14,123.551,125.323,121.584,122.708,1186400,0.0,0.0
2022-06-15,123.783,125.798,122.195,123.812,1084600,0.0,0.0
2022-06-16,121.149,121.42,117.293,118.107,1224200,0.0,0.0
2022-06-17,117.555,119.473,116.857,117.177,2309900,0.0,0.0
2022-06-21,118.727,120.858,118.184,120.257,1604600,0.0,0.0
2022-06-22,118.533,121.768,118.252,121.042,1591300,0.0,0.0
2022-06-23,120.684,123.619,120.122,123.522,1457200,0.0,0.0
2022-06-24,124.587,127.522,123.774,127.367,1883800,0.0,0.0
2022-06-27,127.803,128.045,125.672,127.358,962200,0.0,0.0
2022-06-28,127.561,128.53,124.723,124.868,984900,0.0,0.0
2022-06-29,124.655,126.34,122.601,126.001,1113600,0.0,0.0
2022-06-30,124.713,127.464,123.929,125.798,1496600,0.0,0.0
2022-07-01,126.185,127.977,125.546,127.251,1197600,0.0,0.0
2022-07-05,125.11,127.706,124.229,127.59,1197800,0.0,0.0
2022-07-06,128.462,128.462,126.04,127.299,1722100,0.0,0.0
2022-07-07,127.28,127.871,125.323,126.67,1579500,0.0,0.0
2022-07-08,127.338,128.278,125.837,126.97,1410400,0.0,0.0
2022-07-11,126.273,127.154,125.934,126.544,1214100,0.0,0.0
2022-07-12,126.408,128.065,125.459,125.895,1275500,0.0,0.0
2022-07-13,123.367,125.236,122.282,123.609,1549300,0.0,0.0
2022-07-14,121.439,123.996,121.333,123.347,1971800,0.0,0.0
2022-07-15,125.566,126.97,123.948,125.498,4404300,0.0,0.0
2022-07-18,125.469,125.827,121.846,122.505,1105400,0.0,0.0
2022-07-19,124.084,128.733,123.57,128.481,1165500,0.0,0.0
2022-07-20,128.597,129.973,127.638,128.975,1172000,0.0,0.0
2022-07-21,129.363,134.128,129.12,134.012,1501300,0.0,0.0
2022-07-22,134.138,135.543,133.634,134.855,1566000,0.0,0.0
2022-07-25,134.574,134.981,133.673,134.835,1212400,0.0,0.0
2022-07-26,135.136,135.213,132.666,134.632,922400,0.0,0.0
2022-07-27,135.155,138.284,134.913,137.422,1023700,0.0,0.0
2022-07-28,138.4,141.18,136.666,140.822,1081100,0.0,0.0
2022-07-29,140.812,142.691,139.892,142.381,1051400,0.0,0.0
2022-08-01,140.657,142.023,139.998,141.48,1204000,0.0,0.0
2022-08-02,140.318,142.352,140.202,140.657,1186600,0.0,0.0
2022-08-03,143.263,147.118,141.81,146.178,1592000,0.0,0.0
2022-08-04,146.905,152.029,146.595,150.014,2451500,0.0,0.0
2022-08-05,148.183,149.51,146.905,149.501,1650100,0.0,0.0
2022-08-08,150.77,152.135,150.169,151.099,1791500,0.0,0.0
2022-08-09,149.801,150.808,149.113,149.704,1314900,0.0,0.0
2022-08-10,153.007,153.743,152.261,153.007,1010500,0.0,0.0
2022-08-11,153.327,156.465,153.211,153.666,1346000,0.0,0.0
2022-08-12,154.363,158.548,153.424,158.432,1174300,0.0,0.0
2022-08-15,158.248,160.514,157.599,160.185,1069400,0.0,0.0
2022-08-16,158.441,162.054,158.441,162.016,1706500,0.0,0.0
2022-08-17,159.613,162.209,159.158,161.202,1445300,0.0,0.0
2022-08-18,161.25,162.074,160.911,161.725,1044900,0.0,0.0
2022-08-19,160.476,160.94,157.909,158.577,1472400,0.0,0.0
2022-08-22,156.117,156.727,154.073,154.625,1177400,0.0,0.0
2022-08-23,153.811,154.925,152.387,152.91,1266900,0.0,0.0
2022-08-24,152.513,153.608,152.019,153.104,996800,0.0,0.0
2022-08-25,154.208,156.243,153.453,156.175,1034200,0.0,0.0
2022-08-26,156.543,157.027,150.518,150.692,1085300,0.0,0.0
2022-08-29,149.365,152.3,149.026,150.963,1328100,0.0,0.0
2022-08-30,152.087,152.126,148.958,149.985,1383100,0.0,0.0
2022-08-31,151.06,152.349,149.2,149.239,1753700,0.0,0.0
2022-09-01,149.453,152.761,148.383,152.566,1241900,0.67,0.0
2022-09-02,154.775,155.067,150.416,151.214,1317200,0.0,0.0
2022-09-06,151.292,153.16,149.21,152.275,1900500,0.0,0.0
2022-09-07,152.829,156.857,152.44,156.769,1192000,0.0,0.0
2022-09-08,155.31,159.649,154.269,158.861,1920900,0.0,0.0
2022-09-09,159.192,160.291,158.608,159.386,1248600,0.0,0.0
2022-09-12,160.525,161.809,159.425,160.894,1151900,0.0,0.0
2022-09-13,157.032,159.309,155.475,156.312,1238500,0.0,0.0
2022-09-14,156.429,157.236,154.288,155.826,1551500,0.0,0.0
2022-09-15,155.709,157.976,154.269,154.901,1281700,0.0,0.0
2022-09-16,152.936,153.111,149.56,151.467,2282500,0.0,0.0
2022-09-19,150.825,154.931,150.825,154.804,1008900,0.0,0.0
2022-09-20,153.393,153.89,149.103,150.543,1267500,0.0,0.0
2022-09-21,152.061,153.082,147.605,147.809,1484100,0.0,0.0
2022-09-22,147.303,147.702,143.587,143.645,1272900,0.0,0.0
2022-09-23,142.653,144.667,141.378,143.577,1398700,0.0,0.0
2022-09-26,143.198,144.122,140.814,142.118,1518200,0.0,0.0
2022-09-27,143.888,144.161,139.433,140.931,1262900,0.0,0.0
2022-09-28,141.826,146.058,140.96,145.387,1148300,0.0,0.0
2022-09-29,143.859,143.966,141.164,142.001,1400700,0.0,0.0
2022-09-30,141.836,144.073,140.62,140.882,1174900,0.0,0.0
2022-10-03,142.77,148.801,142.77,146.895,1241000,0.0,0.0
2022-10-04,148.899,150.932,148.49,150.465,1146600,0.0,0.0
2022-10-05,148.13,151.049,148.13,149.541,820700,0.0,0.0
2022-10-06,149.385,149.998,146.846,147.459,1060400,0.0,0.0
2022-10-07,145.659,146.457,141.446,142.39,1231300,0.0,0.0
2022-10-10,143.645,144.706,142.546,143.82,750700,0.0,0.0
2022-10-11,142.935,145.893,141.592,143.314,1085000,0.0,0.0
2022-10-12,144.102,144.346,140.989,141.057,1159700,0.0,0.0
2022-10-13,138.148,143.986,135.298,143.061,1917900,0.0,0.0
2022-10-14,142.964,145.328,137.146,138.148,1067000,0.0,0.0
2022-10-17,141.291,143.519,140.95,143.421,1722200,0.0,0.0
2022-10-18,146.729,147.546,143.733,145.863,1034600,0.0,0.0
2022-10-19,144.531,145.484,140.269,141.203,1014900,0.0,0.0
2022-10-20,140.97,140.97,135.707,136.456,1378400,0.0,0.0
2022-10-21,137.0,141.836,135.814,140.931,1780100,0.0,0.0
2022-10-24,143.246,145.056,141.729,143.285,1239900,0.0,0.0
2022-10-25,142.984,150.455,142.984,149.784,1700400,0.0,0.0
2022-10-26,150.378,152.819,148.198,150.154,1341400,0.0,0.0
2022-10-27,151.642,154.308,151.418,152.1,1332500,0.0,0.0
2022-10-28,152.255,157.48,151.02,156.575,1125500,0.0,0.0
2022-10-31,155.281,156.711,154.969,155.3,1334800,0.0,0.0
2022-11-01,155.748,157.82,153.802,155.456,2032600,0.0,0.0
2022-11-02,157.616,164.377,154.989,156.448,2298900,0.0,0.0
2022-11-03,155.018,161.906,154.707,160.311,2062700,0.0,0.0
2022-11-04,163.054,164.192,159.299,162.217,1205500,0.0,0.0
2022-11-07,162.947,164.241,160.204,163.035,1602100,0.0,0.0
2022-11-08,163.579,166.488,162.665,165.311,1681200,0.0,0.0
2022-11-09,164.056,165.963,160.962,161.254,1241800,0.0,0.0
2022-11-10,166.702,172.608,166.702,171.975,1744700,0.0,0.0
2022-11-11,172.812,176.694,170.506,171.304,1627500,0.0,0.0
2022-11-14,170.156,171.654,168.989,169.232,1387100,0.0,0.0
2022-11-15,171.791,173.24,170.234,172.082,1152400,0.0,0.0
2022-11-16,172.588,172.588,170.798,171.255,1055700,0.0,0.0
2022-11-17,168.288,169.806,166.167,169.747,1219100,0.0,0.0
2022-11-18,171.732,173.055,169.835,171.46,1102400,0.0,0.0
2022-11-21,171.372,172.686,170.993,171.44,972200,0.0,0.0
2022-11-22,172.783,174.563,172.189,173.911,1301300,0.0,0.0
2022-11-23,174.301,176.382,173.95,174.485,1562500,0.0,0.0
2022-11-25,175.147,175.147,173.435,174.096,431800,0.0,0.0
2022-11-28,172.715,173.376,169.125,169.66,928100,0.0,0.0
2022-11-29,169.378,171.187,168.95,170.244,985800,0.0,0.0
2022-11-30,169.942,173.795,168.308,173.581,2959800,0.0,0.0
2022-12-01,174.831,175.768,172.086,174.0,929400,0.67,0.0
2022-12-02,171.422,175.719,171.422,174.811,1027200,0.0,0.0
2022-12-05,171.628,173.336,170.172,171.881,1012300,0.0,0.0
2022-12-06,172.428,172.692,167.467,169.059,846800,0.0,0.0
2022-12-07,168.991,172.838,168.805,171.276,1647600,0.0,0.0
2022-12-08,171.276,174.001,170.866,173.004,1170900,0.0,0.0
2022-12-09,172.848,173.981,170.671,171.149,914400,0.0,0.0
2022-12-12,168.424,171.286,168.112,171.1,1317800,0.0,0.0
2022-12-13,176.53,176.569,170.212,172.135,2002400,0.0,0.0
2022-12-14,171.872,174.499,170.68,172.399,1087400,0.0,0.0
2022-12-15,169.831,169.84,165.534,166.852,1619600,0.0,0.0
2022-12-16,166.091,166.979,164.684,166.364,1570800,0.0,0.0
2022-12-19,166.061,167.79,163.444,164.85,1104900,0.0,0.0
2022-12-20,164.587,165.749,163.991,164.792,746100,0.0,0.0
2022-12-21,165.397,167.536,165.055,166.95,877900,0.0,0.0
2022-12-22,164.977,166.081,162.233,165.329,1037300,0.0,0.0
2022-12-23,164.919,166.315,163.971,165.964,659400,0.0,0.0
2022-12-27,165.915,167.184,165.221,166.13,551800,0.0,0.0
2022-12-28,167.106,167.77,163.444,163.454,538700,0.0,0.0
2022-12-29,164.86,167.106,162.829,166.432,924500,0.0,0.0
2022-12-30,165.055,165.641,162.741,164.147,665700,0.0,0.0
